DATE	NAME	CIK	FIRM	SOURCE	BLACK	MALE	FEMALE	LGBT	NONBINARY	ASIAN	LATINX	DIRECTORS	NOTES	DND_GENDER	DND_DEMO
2022	ATA Creativity Global	1420529	aacg	proxy											
2022	AMERICAN BATTERY TECHNOLOGY Co	1576873	abat	proxy											
2022	Abcam plc	1492074	abcm	proxy											
2022	Abacus Life, Inc.	1814287	abl	proxy											
2022	Able View Global Inc.	1957489	ablv	proxy											
2022	Alset Capital Acquisition Corp.	1897245	acax	proxy											
2022	AURORA CANNABIS INC	1683541	acb	proxy											
2022	Ace Global Business Acquisition Ltd	1844389	acba	proxy											
2022	ProFrac Holding Corp.	1881487	acdc	proxy											
2022	Achilles Therapeutics plc	1830749	achl	proxy											
2022	AMERICAN COASTAL INSURANCE Corp	1401521	acic	proxy											
2022	AC Immune SA	1651625	aciu	proxy											
2022	Arcellx, Inc.	1786205	aclx	proxy											
2022	Aclarion, Inc.	1635077	acon	proxy											
2022	Acrivon Therapeutics, Inc.	1781174	acrv	proxy											
2022	Adagene Inc.	1818838	adag	proxy											
2022	Color Star Technology Co., Ltd.	1747661	add	proxy											
2022	Adeia Inc.	1803696	adea	proxy											
2022	Edoc Acquisition Corp.	1824884	adoc	proxy											
2022	Ads-Tec Energy Public Ltd Co	1879248	adse	proxy											
2022	Addex Therapeutics Ltd.	1574232	adxn	proxy											
2022	Antelope Enterprise Holdings Ltd	1470683	aehl	proxy											
2022	ALLIANCE ENTERTAINMENT HOLDING CORP	1823584	aent	proxy											
2022	Aeterna Zentaris Inc.	1113423	aezs	proxy											
2022	Affimed N.V.	1608390	afmd	proxy											
2022	Forafric Global PLC	1903870	afri	proxy											
2022	Afya Ltd	1771007	afya	proxy											
2022	Allied Gaming & Entertainment Inc.	1708341	agae	proxy											
2022	AGBA Group Holding Ltd.	1769624	agba	proxy											
2022	AGM GROUP HOLDINGS, INC.	1705402	agmh	proxy											
2022	Akso Health Group	1702318	ahg	proxy											
2022	Advanced Health Intelligence Ltd	1815436	ahi	proxy											
2022	Aesthetic Medical International Holdings Group Ltd	1757143	aih	proxy											
2022	Ainos, Inc.	1014763	aimd	proxy											
2022	Xiao-I Corp	1935172	aixi	proxy											
2022	AKANDA CORP.	1888014	akan	proxy											
2022	Akili, Inc.	1850266	akli	proxy											
2022	Akari Therapeutics Plc	1541157	aktx	proxy											
2022	AKUMIN INC.	1776197	aku	proxy											
2022	Alarum Technologies Ltd.	1725332	alar	proxy											
2022	Avalon GloboCare Corp.	1630212	albt	proxy											
2022	Allot Ltd.	1365767	allt	proxy											
2022	ALLIENT INC	46129	alnt	proxy											
2022	AlTi Global, Inc.	1838615	alti	proxy											
2022	Alvotech	1898416	alvo	proxy											
2022	Alithya Group inc	1734520	alya	proxy											
2022	Alzamend Neuro, Inc.	1677077	alzn	proxy											
2022	Ambrx Biopharma Inc.	1836056	amam	proxy											
2022	American Acquisition Opportunity Inc.	1843656	amao	proxy											
2022	American Lithium Corp.	1699880	amli	proxy											
2022	Anghami Inc	1871983	angh	proxy											
2022	AIRNET TECHNOLOGY INC.	1413745	ante	proxy											
2022	AN2 Therapeutics, Inc.	1880438	antx	proxy											
2022	Sphere 3D Corp.	1591956	any	proxy											
2022	Arogo Capital Acquisition Corp.	1881741	aogo	proxy											
2022	American Oncology Network, Inc.	1839998	aonc	proxy											
2022	Apogee Therapeutics, Inc.	1974640	apge	proxy											
2022	Agora, Inc.	1802883	api	proxy											
2022	Aptorum Group Ltd	1734005	apm	proxy											
2022	Alpha Partners Technology Merger Corp.	1845550	aptm	proxy											
2022	ASIA PACIFIC WIRE & CABLE CORP LTD	1026980	apwc	proxy											
2022	ARB IOT Group Ltd	1930179	arbb	proxy											
2022	Arbe Robotics Ltd.	1861841	arbe	proxy											
2022	Argo Blockchain Plc	1841675	arbk	proxy											
2022	Arco Platform Ltd.	1740594	arce	proxy											
2022	AMERICAN REBEL HOLDINGS INC	1648087	areb	proxy											
2022	ARGENX SE	1697862	argx	proxy											
2022	ARM HOLDINGS PLC /UK	1973239	arm	proxy											
2022	Arqit Quantum Inc.	1859690	arqq	proxy											
2022	ARTELO BIOSCIENCES, INC.	1621221	artl	proxy											
2022	ARTESIAN RESOURCES CORP	863110	artna	proxy											
2022	Arrival	1835059	arvl	proxy											
2022	ARYA Sciences Acquisition Corp IV	1838821	aryd	proxy											
2022	ASLAN Pharmaceuticals Ltd	1722926	asln	proxy											
2022	ASML HOLDING NV	937966	asml	proxy											
2022	Ascendis Pharma A/S	1612042	asnd	proxy											
2022	ACTELIS NETWORKS INC	1141284	asns	proxy											
2022	Abri SPAC I, Inc.	1854583	aspa	proxy											
2022	ASP Isotopes Inc.	1921865	aspi	proxy											
2022	Asset Entities Inc.	1920406	asst	proxy											
2022	Ascent Solar Technologies, Inc.	1350102	asti	proxy											
2022	Algoma Steel Group Inc.	1860805	astl	proxy											
2022	Atour Lifestyle Holdings Ltd	1853717	atat	proxy											
2022	Atlas Corp.	1794846	atcol	proxy											
2022	Athira Pharma, Inc.	1620463	atha	proxy											
2022	ALTERITY THERAPEUTICS LTD	1131343	athe	proxy											
2022	ATIF Holdings Ltd	1755058	atif	proxy											
2022	Atlas Lithium Corp	1540684	atlx	proxy											
2022	ADDENTAX GROUP CORP.	1650101	atxg	proxy											
2022	AUDIOCODES LTD	1086434	audc	proxy											
2022	Autolus Therapeutics plc	1730463	autl	proxy											
2022	AVANTAX, INC.	1068875	avta	proxy											
2022	AERWINS Technologies Inc.	1855631	awin	proxy											
2022	Atlantica Sustainable Infrastructure plc	1601072	ay	proxy											
2022	A2Z Smart Technologies Corp	1866030	az	proxy											
2022	ASTRAZENECA PLC	901832	azn	proxy											
2022	IMAC Holdings, Inc.	1729944	back	proxy											
2022	CBL International Ltd	1914805	banl	proxy											
2022	Baosheng Media Group Holdings Ltd	1811216	baos	proxy											
2022	Atlanta Braves Holdings, Inc.	1958140	batra	proxy											
2022	Southern California Bancorp \ CA	1795815	bcal	proxy											
2022	BYND CANNASOFT ENTERPRISES INC.	1888151	bcan	proxy											
2022	BriaCell Therapeutics Corp.	1610820	bctx	proxy											
2022	Biodexa Pharmaceuticals Plc	1643918	bdrx	proxy											
2022	Better Home & Finance Holding Co	1835856	betr	proxy											
2022	Bit Brother Ltd	1543268	bets	proxy											
2022	BullFrog AI Holdings, Inc.	1829247	bfrg	proxy											
2022	BGC Group, Inc.	1094831	bgc	proxy											
2022	BioNexus Gene Lab Corp	1737523	bglc	proxy											
2022	Blue Hat Interactive Entertainment Technology	1759136	bhat	proxy											
2022	Burke & Herbert Financial Services Corp.	1964333	bhrb	proxy											
2022	bioAffinity Technologies, Inc.	1712762	biaf	proxy											
2022	Baidu, Inc.	1329099	bidu	proxy											
2022	Bilibili Inc.	1723690	bili	proxy											
2022	Bioceres Crop Solutions Corp.	1769484	biox	proxy											
2022	Bitfarms Ltd	1812477	bitf	proxy											
2022	Ballard Power Systems Inc.	1453015	bldp	proxy											
2022	BioLineRx Ltd.	1498403	blrx	proxy											
2022	BELITE BIO, INC	1889109	blte	proxy											
2022	Beamr Imaging Ltd.	1899005	bmr	proxy											
2022	BitNile Metaverse, Inc.	1437491	bnmv	proxy											
2022	BIONOMICS LIMITED/FI	1191070	bnox	proxy											
2022	Burning Rock Biotech Ltd	1792267	bnr	proxy											
2022	Brenmiller Energy Ltd.	1901215	bnrg	proxy											
2022	BioNTech SE	1776985	bntx	proxy											
2022	BranchOut Food Inc.	1962481	bof	proxy											
2022	Bon Natural Life Ltd	1816815	bon	proxy											
2022	BOS BETTER ONLINE SOLUTIONS LTD	1005516	bosc	proxy											
2022	Bowen Acquisition Corp	1973056	bown	proxy											
2022	Princeton Bancorp, Inc.	1913971	bprn	proxy											
2022	Biophytis SA	1768946	bpts	proxy											
2022	Brookfield Property Partners L.P.	1545772	bpypm	proxy											
2022	Bragg Gaming Group Inc.	1867834	brag	proxy											
2022	Brera Holdings PLC	1939965	brea	proxy											
2022	Brooge Energy Ltd	1774983	brog	proxy											
2022	Borqs Technologies, Inc.	1650575	brqs	proxy											
2022	Bruush Oral Care Inc.	1913210	brsh	proxy											
2022	Bit Digital, Inc	1710350	btbt	proxy											
2022	BIOTRICITY INC.	1630113	btcy	proxy											
2022	Bitdeer Technologies Group	1899123	btdr	proxy											
2022	Bitcoin Depot Inc.	1901799	btm	proxy											
2022	biote Corp.	1819253	btmd	proxy											
2022	BIT ORIGIN Ltd	1735556	btog	proxy											
2022	BV Financial, Inc.	1302387	bvfl	proxy											
2022	Brainsway Ltd.	1505065	bway	proxy											
2022	BETTERWARE DE MEXICO, S.A.P.I. DE C.V	1788257	bwmx	proxy											
2022	BeyondSpring Inc.	1677940	bysi	proxy											
2022	Kanzhun Ltd	1842827	bz	proxy											
2022	Baozun Inc.	1625414	bzun	proxy											
2022	Caravelle International Group	1928948	caco	proxy											
2022	CalciMedica, Inc.	1534133	calc	proxy											
2022	Calliditas Therapeutics AB	1795579	calt	proxy											
2022	CAMTEK LTD	1109138	camt	proxy											
2022	Canaan Inc.	1780652	can	proxy											
2022	Carisma Therapeutics Inc.	1485003	carm	proxy											
2022	Maplebear Inc.	1579091	cart	proxy											
2022	CASI Pharmaceuticals, Inc.	1962738	casi	proxy											
2022	CATALYST BIOSCIENCES, INC.	1124105	cbio	proxy											
2022	Cibus, Inc.	1705843	cbus	proxy											
2022	COCA-COLA EUROPACIFIC PARTNERS plc	1650107	ccep	proxy											
2022	Cheche Group Inc.	1965473	ccg	proxy											
2022	CareCloud, Inc.	1582982	ccld	proxy											
2022	CSI Compressco LP	1449488	cclp	proxy											
2022	Chindata Group Holdings Ltd	1807192	cd	proxy											
2022	Cardio Diagnostics Holdings, Inc.	1870144	cdio	proxy											
2022	Codere Online Luxembourg, S.A.	1866782	cdro	proxy											
2022	CECO ENVIRONMENTAL CORP	3197	ceco	proxy											
2022	Constellation Energy Corp	1868275	ceg	proxy											
2022	PhenomeX Inc.	1689657	cell	proxy											
2022	CENNTRO ELECTRIC GROUP Ltd	1707919	cenn	proxy											
2022	Clean Energy Technologies, Inc.	1329606	cety	proxy											
2022	CF Acquisition Corp. VIII	1839530	cffe	proxy											
2022	CFSB Bancorp, Inc. /MA/	1879103	cfsb	proxy											
2022	COMPUGEN LTD	1119774	cgen	proxy											
2022	Cognyte Software Ltd.	1824814	cgnt	proxy											
2022	CALAMOS GLOBAL TOTAL RETURN FUND	1285650	cgo	proxy											
2022	Check-Cap Ltd	1610590	chek	proxy											
2022	CALAMOS CONVERTIBLE OPPORTUNITIES & INCOME FUND	1171471	chi	proxy											
2022	CHECK POINT SOFTWARE TECHNOLOGIES LTD	1015922	chkp	proxy											
2022	CHINA NATURAL RESOURCES INC	793628	chnr	proxy											
2022	CHS INC	823277	chscl	proxy											
2022	Chanson International Holding	1825349	chsn	proxy											
2022	Calamos Global Dynamic Income Fund	1396277	chw	proxy											
2022	CALAMOS CONVERTIBLE & HIGH INCOME FUND	1222719	chy	proxy											
2022	Colliers International Group Inc.	913353	cigi	proxy											
2022	CISO Global, Inc.	1777319	ciso	proxy											
2022	C3is Inc.	1951067	ciss	proxy											
2022	Chijet Motor Company, Inc.	1957413	cjet	proxy											
2022	China Jo-Jo Drugstores Holdings, Inc.	1856084	cjjd	proxy											
2022	Cellebrite DI Ltd.	1854587	clbt	proxy											
2022	China Liberal Education Holdings Ltd	1775085	cleu	proxy											
2022	CollPlant Biotechnologies Ltd	1631487	clgn	proxy											
2022	Clean Earth Acquisitions Corp.	1883984	clin	proxy											
2022	Cellectis S.A.	1627281	clls	proxy											
2022	Climb Global Solutions, Inc.	945983	clmb	proxy											
2022	Calumet Specialty Products Partners, L.P.	1340122	clmt	proxy											
2022	CLPS Inc	1724542	clps	proxy											
2022	EURO TECH HOLDINGS CO LTD	1026662	clwt	proxy											
2022	Clearmind Medicine Inc.	1892500	cmnd	proxy											
2022	Comera Life Sciences Holdings, Inc.	1907685	cmra	proxy											
2022	CN ENERGY GROUP. INC.	1780785	cney	proxy											
2022	Connect Biopharma Holdings Ltd	1835268	cntb	proxy											
2022	Centogene N.V.	1757097	cntg	proxy											
2022	Cineverse Corp.	1173204	cnvs	proxy											
2022	Connexa Sports Technologies Inc.	1674440	cnxa	proxy											
2022	Coeptis Therapeutics Holdings, Inc.	1759186	coep	proxy											
2022	Coya Therapeutics, Inc.	1835022	coya	proxy											
2022	Capital Product Partners L.P.	1392326	cplp	proxy											
2022	Pop Culture Group Co., Ltd	1807389	cpop	proxy											
2022	Calamos Long/Short Equity & Dynamic Income Trust	1717457	cpz	proxy											
2022	Cardiol Therapeutics Inc.	1702123	crdl	proxy											
2022	CRESUD INC	1034957	cresw	proxy											
2022	CERAGON NETWORKS LTD	1119769	crnt	proxy											
2022	CervoMed Inc.	1053691	crvo	proxy											
2022	Canadian Solar Inc.	1375877	csiq	proxy											
2022	Complete Solaria, Inc.	1838987	cslr	proxy											
2022	CALAMOS STRATEGIC TOTAL RETURN FUND	1275214	csq	proxy											
2022	Caesarstone Ltd.	1504379	cste	proxy											
2022	Carmell Corp	1842939	ctcx	proxy											
2022	CHEETAH NET SUPPLY CHAIN SERVICE INC.	1951667	ctnt	proxy											
2022	Castor Maritime Inc.	1720161	ctrm	proxy											
2022	CureVac N.V.	1809122	cvac	proxy											
2022	CENTRAL VALLEY COMMUNITY BANCORP	1127371	cvcy	proxy											
2022	Cadrenal Therapeutics, Inc.	1937993	cvkd	proxy											
2022	CaliberCos Inc.	1627282	cwd	proxy											
2022	CXApp Inc.	1820875	cxai	proxy											
2022	CyberArk Software Ltd.	1598110	cybr	proxy											
2022	Altamira Therapeutics Ltd.	1601936	cyto	proxy											
2022	Dada Nexus Ltd	1793862	dada	proxy											
2022	Docebo Inc.	1829959	dcbo	proxy											
2022	Tritium DCFC Ltd	1862490	dcfc	proxy											
2022	DoubleDown Interactive Co., Ltd.	1799567	ddi	proxy											
2022	Dragonfly Energy Holdings Corp.	1847986	dfli	proxy											
2022	Digihost Technology Inc.	1854368	dghi	proxy											
2022	DIGITAL HEALTH ACQUISITION CORP.	1864531	dhac	proxy											
2022	Data Knights Acquisition Corp.	1849380	dkdca	proxy											
2022	DraftKings Inc.	1883685	dkng	proxy											
2022	dLocal Ltd	1846832	dlo	proxy											
2022	Deep Medicine Acquisition Corp.	1857086	dmaq	proxy											
2022	DMK PHARMACEUTICALS Corp	887247	dmk	proxy											
2022	Dianthus Therapeutics, Inc. /DE/	1690585	dnth	proxy											
2022	Dogness (International) Corp	1707303	dogz	proxy											
2022	Dominari Holdings Inc.	12239	domh	proxy											
2022	BRP Inc.	1748797	dooo	proxy											
2022	AMDOCS LTD	1062579	dox	proxy											
2022	DouYu International Holdings Ltd	1762417	doyu	proxy											
2022	Draganfly Inc.	1786286	dpro	proxy											
2022	Direct Digital Holdings, Inc.	1880613	drct	proxy											
2022	Leonardo DRS, Inc.	1833756	drs	proxy											
2022	Alpha Tau Medical Ltd.	1871321	drts	proxy											
2022	BRIGHT MINDS BIOSCIENCES INC.	1827401	drug	proxy											
2022	DESCARTES SYSTEMS GROUP INC	1050140	dsgx	proxy											
2022	DESWELL INDUSTRIES INC	946936	dswl	proxy											
2022	DAVIS COMMODITIES Ltd	1949478	dtck	proxy											
2022	Drilling Tools International Corp	1884516	dti	proxy											
2022	Dune Acquisition Corp	1817232	dune	proxy											
2022	Fangdd Network Group Ltd.	1750593	duo	proxy											
2022	Digital World Acquisition Corp.	1849635	dwac	proxy											
2022	Ebang International Holdings Inc.	1799290	ebon	proxy											
2022	ECB Bancorp, Inc. /MD/	1914605	ecbk	proxy											
2022	ECARX Holdings Inc.	1861974	ecx	proxy											
2022	EDAP TMS SA	1041934	edap	proxy											
2022	Edible Garden AG Inc	1809750	edbl	proxy											
2022	EuroDry Ltd.	1731388	edry	proxy											
2022	Skillful Craftsman Education Technology Ltd	1782309	edtk	proxy											
2022	EpicQuest Education Group International Ltd	1781397	eeiq	proxy											
2022	EF Hutton Acquisition Corp I	1922858	efht	proxy											
2022	Edgio, Inc.	1391127	egio	proxy											
2022	Enthusiast Gaming Holdings Inc. / Canada	1854233	eglx	proxy											
2022	EHang Holdings Ltd	1759783	eh	proxy											
2022	E-Home Household Service Holdings Ltd	1769768	ejh	proxy											
2022	Electra Battery Materials Corp	1907184	elbm	proxy											
2022	ELTEK LTD	1024672	eltk	proxy											
2022	Elicio Therapeutics, Inc.	1601485	eltx	proxy											
2022	ELUTIA INC.	1708527	elut	proxy											
2022	Electrovaya Inc.	1844450	elva	proxy											
2022	Enliven Therapeutics, Inc.	1672619	elvn	proxy											
2022	Earlyworks Co., Ltd.	1944399	elws	proxy											
2022	Smart Share Global Ltd	1834253	em	proxy											
2022	Energem Corp	1879373	encp	proxy											
2022	Enlight Renewable Energy Ltd.	1922641	enlt	proxy											
2022	Enlivex Therapeutics Ltd.	1596812	enlv	proxy											
2022	Sunrise New Energy Co., Ltd.	1780731	epow	proxy											
2022	ERICSSON LM TELEPHONE CO	717826	eric	proxy											
2022	ERIE INDEMNITY CO	922621	erie	proxy											
2022	Eterna Therapeutics Inc.	748592	erna	proxy											
2022	EUROSEAS LTD.	1341170	esea	proxy											
2022	ESGL Holdings Ltd	1957538	esgl	proxy											
2022	ELBIT SYSTEMS LTD	1027664	eslt	proxy											
2022	Evaxion Biotech A/S	1828253	evax	proxy											
2022	Evogene Ltd.	1574565	evgn	proxy											
2022	Evotec SE	1412558	evo	proxy											
2022	Exscientia plc	1865408	exai	proxy											
2022	EZGO Technologies Ltd.	1806904	ezgo	proxy											
2022	EZCORP INC	876523	ezpw	proxy											
2022	Farmmi, Inc.	1701261	fami	proxy											
2022	FANHUA INC.	1413855	fanh	proxy											
2022	FAT PROJECTS ACQUISITION CORP	1865045	fatp	proxy											
2022	FaZe Holdings Inc.	1839360	faze	proxy											
2022	5E Advanced Materials, Inc.	1888654	feam	proxy											
2022	FGI Industries Ltd.	1864943	fgi	proxy											
2022	Future Health ESG Corp.	1851182	fhlt	proxy											
2022	FTAI Infrastructure Inc.	1899883	fip	proxy											
2022	Flora Growth Corp.	1790169	flgc	proxy											
2022	FLJ Group Ltd	1769256	flj	proxy											
2022	Foremost Lithium Resource & Technology Ltd.	1935418	fmst	proxy											
2022	FingerMotion, Inc.	1602409	fngr	proxy											
2022	FORMULA SYSTEMS (1985) LTD	1045986	forty	proxy											
2022	Fresh2 Group Ltd	1786511	fres	proxy											
2022	Freight Technologies, Inc.	1687542	frgt	proxy											
2022	Fortune Rise Acquisition Corp	1849294	frla	proxy											
2022	Freeline Therapeutics Holdings plc	1810031	frln	proxy											
2022	Foresight Autonomous Holdings Ltd.	1691221	frsx	proxy											
2022	Forza X1, Inc.	1901305	frza	proxy											
2022	FirstService Corp	1637810	fsv	proxy											
2022	Fitell Corp	1928581	ftel	proxy											
2022	FITLIFE BRANDS, INC.	1374328	ftlf	proxy											
2022	Fortrea Holdings Inc.	1965040	ftre	proxy											
2022	Futu Holdings Ltd	1754581	futu	proxy											
2022	Gambling.com Group Ltd	1839799	gamb	proxy											
2022	GameSquare Holdings, Inc.	1714562	game	proxy											
2022	StealthGas Inc.	1328919	gass	proxy											
2022	Greenbrook TMS Inc.	1735948	gbnh	proxy											
2022	GigaCloud Technology Inc	1857816	gct	proxy											
2022	GlucoTrack, Inc.	1506983	gctk	proxy											
2022	GD Culture Group Ltd	1641398	gdc	proxy											
2022	GDEV Inc.	1848739	gdev	proxy											
2022	GOLDEN HEAVEN GROUP HOLDINGS LTD.	1928340	gdhg	proxy											
2022	GDS Holdings Ltd	1526125	gds	proxy											
2022	CytoMed Therapeutics Ltd	1873093	gdtc	proxy											
2022	GE HealthCare Technologies Inc.	1932393	gehc	proxy											
2022	Gen Digital Inc.	849399	gen	proxy											
2022	GENETIC TECHNOLOGIES LTD	1166272	gene	proxy											
2022	GEN Restaurant Group, Inc.	1891856	genk	proxy											
2022	Guardforce AI Co., Ltd.	1804469	gfai	proxy											
2022	GLOBALFOUNDRIES Inc.	1709048	gfs	proxy											
2022	GRUPO FINANCIERO GALICIA SA	1114700	ggal	proxy											
2022	Gogoro Inc.	1886190	ggr	proxy											
2022	GH Research PLC	1855129	ghrs	proxy											
2022	GigCapital5, Inc.	1844505	gia	proxy											
2022	GIGAMEDIA Ltd	1105101	gigm	proxy											
2022	GILAT SATELLITE NETWORKS LTD	897322	gilt	proxy											
2022	Global-E Online Ltd.	1835963	glbe	proxy											
2022	GLOBUS MARITIME LTD	1499780	glbs	proxy											
2022	GLOBALINK INVESTMENT INC.	1888734	glli	proxy											
2022	Galmed Pharmaceuticals Ltd.	1595353	glmd	proxy											
2022	GOLAR LNG LTD	1207179	glng	proxy											
2022	GALAPAGOS NV	1421876	glpg	proxy											
2022	Global Star Acquisition Inc.	1922331	glst	proxy											
2022	GENMAB A/S	1434265	gmab	proxy											
2022	Golden Matrix Group, Inc.	1437925	gmgi	proxy											
2022	Genfit S.A.	1757064	gnft	proxy											
2022	GENELUX Corp	1231457	gnlx	proxy											
2022	Genenta Science S.p.A.	1838716	gnta	proxy											
2022	Golden Ocean Group Ltd	1029145	gogl	proxy											
2022	GREENPOWER MOTOR Co INC.	1584547	gp	proxy											
2022	Structure Therapeutics Inc.	1888886	gpcr	proxy											
2022	Green Plains Partners LP	1635650	gpp	proxy											
2022	Grab Holdings Ltd	1855612	grab	proxy											
2022	Gracell Biotechnologies Inc.	1826492	grcl	proxy											
2022	Grifols SA	1438569	grfs	proxy											
2022	GRI BIO, Inc.	1824293	gri	proxy											
2022	Grindrod Shipping Holdings Ltd.	1725293	grin	proxy											
2022	U S GLOBAL INVESTORS INC	754811	grow	proxy											
2022	Gorilla Technology Group Inc.	1903145	grrr	proxy											
2022	GRAVITY Co., Ltd.	1313310	grvy	proxy											
2022	Global System Dynamics, Inc.	1843248	gsd	proxy											
2022	Ferroglobe PLC	1639877	gsm	proxy											
2022	GLORY STAR NEW MEDIA GROUP HOLDINGS Ltd	1738758	gsmg	proxy											
2022	Golden Sun Education Group Ltd	1826376	gsun	proxy											
2022	Greenland Technologies Holding Corp.	1735041	gtec	proxy											
2022	Genetron Holdings Ltd	1782594	gth	proxy											
2022	Good Times Restaurants Inc.	825324	gtim	proxy											
2022	HASBRO, INC.	46080	has	proxy											
2022	HUTCHMED (China) Ltd	1648257	hcm	proxy											
2022	D-MARKET Electronic Services & Trading	1850235	heps	proxy											
2022	HF Foods Group Inc.	1680873	hffg	proxy											
2022	Hammerhead Energy Inc.	1946425	hhrs	proxy											
2022	HIGHWAY HOLDINGS LTD	1026785	hiho	proxy											
2022	Himax Technologies, Inc.	1342338	himx	proxy											
2022	High Tide Inc.	1847409	hiti	proxy											
2022	HIVE Digital Technologies Ltd.	1720424	hive	proxy											
2022	HiTek Global Inc.	1742341	hkit	proxy											
2022	Hongli Group Inc.	1855557	hlp	proxy											
2022	HilleVax, Inc.	1888012	hlvx	proxy											
2022	Hanover Bancorp, Inc. /NY	1828588	hnvr	proxy											
2022	Hollysys Automation Technologies, Ltd.	1357450	holi	proxy											
2022	MicroCloud Hologram Inc.	1841209	holo	proxy											
2022	Hempacco Co., Inc.	1892480	hpco	proxy											
2022	Hanryu Holdings, Inc.	1911545	hryu	proxy											
2022	Hesai Group	1861737	hsai	proxy											
2022	Heart Test Laboratories, Inc.	1468492	hscs	proxy											
2022	H World Group Ltd	1483994	htht	proxy											
2022	Fusion Fuel Green PLC	1819794	htoo	proxy											
2022	Hub Cyber Security Ltd.	1905660	hubc	proxy											
2022	Huadi International Group Co., Ltd.	1791725	hudi	proxy											
2022	FSD Pharma Inc.	1771885	huge	proxy											
2022	Huize Holding Ltd	1778982	huiz	proxy											
2022	HUT 8 MINING CORP.	1731805	hut	proxy											
2022	Hywin Holdings Ltd.	1785680	hyw	proxy											
2022	IBEX Ltd	1720420	ibex	proxy											
2022	IceCure Medical Ltd.	1584371	iccm	proxy											
2022	iCoreConnect Inc.	1906133	icct	proxy											
2022	Intchains Group Ltd	1895597	icg	proxy											
2022	iClick Interactive Asia Group Ltd	1697818	iclk	proxy											
2022	ICON PLC	1060955	iclr	proxy											
2022	SeaStar Medical Holding Corp	1831868	icu	proxy											
2022	ICAHN ENTERPRISES L.P.	813762	iep	proxy											
2022	Infobird Co., Ltd	1815566	ifbd	proxy											
2022	InflaRx N.V.	1708688	ifrx	proxy											
2022	International General Insurance Holdings Ltd.	1794338	igic	proxy											
2022	Inspira Technologies OXY B.H.N. Ltd	1837493	iinn	proxy											
2022	Intelligent Living Application Group Inc.	1814963	ilag	proxy											
2022	I-Mab	1778016	imab	proxy											
2022	International Media Acquisition Corp.	1846235	imaq	proxy											
2022	IM Cannabis Corp.	1792030	imcc	proxy											
2022	Immunocore Holdings plc	1671927	imcr	proxy											
2022	IMMUTEP Ltd	1506184	immp	proxy											
2022	Imunon, Inc.	749647	imnn	proxy											
2022	CHIPMOS TECHNOLOGIES INC	1123134	imos	proxy											
2022	Imperial Petroleum Inc./Marshall Islands	1876581	impp	proxy											
2022	Immuron Ltd	1660046	imrn	proxy											
2022	Integrated Media Technology Ltd	1668438	imte	proxy											
2022	Immatics N.V.	1809196	imtx	proxy											
2022	INTELLIGENT BIO SOLUTIONS INC.	1725430	inbs	proxy											
2022	Intercure Ltd.	1857030	incr	proxy											
2022	INDIVIOR PLC	1625297	indv	proxy											
2022	InMode Ltd.	1742692	inmd	proxy											
2022	Inter & Co, Inc.	1864163	intr	proxy											
2022	INTENSITY THERAPEUTICS, INC.	1567264	ints	proxy											
2022	Innoviz Technologies Ltd.	1835654	invz	proxy											
2022	ioneer Ltd	1896084	ionr	proxy											
2022	ImmunoPrecise Antibodies Ltd.	1715925	ipa	proxy											
2022	Innate Pharma SA	1598599	ipha	proxy											
2022	IPERIONX Ltd	1898601	ipx	proxy											
2022	iQIYI, Inc.	1722608	iq	proxy											
2022	Iris Energy Ltd	1878848	iren	proxy											
2022	Disc Medicine, Inc.	1816736	iron	proxy											
2022	Ispire Technology Inc.	1948455	ispr	proxy											
2022	Industrial Tech Acquisitions II, Inc.	1841586	itaq	proxy											
2022	Ituran Location & Control Ltd.	1337117	itrn	proxy											
2022	Inventiva S.A.	1756594	iva	proxy											
2022	Iveda Solutions, Inc.	1397183	ivda	proxy											
2022	INSPIRE VETERINARY PARTNERS, INC.	1939365	ivp	proxy											
2022	Invivyd, Inc.	1832038	ivvd	proxy											
2022	Incannex Healthcare Ltd	1873875	ixhl	proxy											
2022	ICZOOM Group Inc.	1854572	izm	proxy											
2022	JE Cleantech Holdings Ltd	1905511	jcse	proxy											
2022	JD.com, Inc.	1549802	jd	proxy											
2022	Adamas One Corp.	1884072	jewl	proxy											
2022	Jeffs' Brands Ltd	1885408	jfbr	proxy											
2022	Jiayin Group Inc.	1743102	jfin	proxy											
2022	9F Inc.	1619544	jfu	proxy											
2022	Aurora Mobile Ltd	1737339	jg	proxy											
2022	J&J SNACK FOODS CORP	785956	jjsf	proxy											
2022	Janover Inc.	1805526	jnvr	proxy											
2022	Jet.AI Inc.	1861622	jtaiz	proxy											
2022	Jowell Global Ltd.	1805594	jwel	proxy											
2022	JX Luxventure Ltd	1546383	jxjt	proxy											
2022	Jayud Global Logistics Ltd	1938186	jyd	proxy											
2022	Jianzhi Education Technology Group Co Ltd	1852440	jz	proxy											
2022	Jiuzi Holdings, Inc.	1816172	jzxn	proxy											
2022	KINETA, INC./DE	1445283	ka	proxy											
2022	Karooooo Ltd.	1828102	karo	proxy											
2022	Kingsoft Cloud Holdings Ltd	1795589	kc	proxy											
2022	Nauticus Robotics, Inc.	1849820	kitt	proxy											
2022	KAMADA LTD	1567529	kmda	proxy											
2022	36Kr Holdings Inc.	1779476	krkr	proxy											
2022	Kornit Digital Ltd.	1625791	krnt	proxy											
2022	Keen Vision Acquisition Corp.	1889983	kvac	proxy											
2022	Khosla Ventures Acquisition Co.	1841873	kvsa	proxy											
2022	KWESST Micro Systems Inc.	1889823	kwe	proxy											
2022	Kaixin Auto Holdings	1713539	kxin	proxy											
2022	KAZIA THERAPEUTICS LTD	1075880	kzia	proxy											
2022	SEALSQ Corp	1951222	laes	proxy											
2022	Laser Photonics Corp	1807887	lase	proxy											
2022	Locafy Ltd	1875547	lcfy	proxy											
2022	LENDWAY, INC.	875355	ldwy	proxy											
2022	LEE ENTERPRISES, Inc	58361	lee	proxy											
2022	Legend Biotech Corp	1801198	legn	proxy											
2022	LIFECORE BIOMEDICAL, INC. DE	1005286	lfcr	proxy											
2022	Lion Group Holding Ltd	1806524	lghl	proxy											
2022	Largo Inc.	1400438	lgo	proxy											
2022	LAMF Global Ventures Corp. I	1879297	lgvc	proxy											
2022	Li Auto Inc.	1791706	li	proxy											
2022	Lichen China Ltd	1876766	licn	proxy											
2022	MSP Recovery, Inc.	1802450	lifw	proxy											
2022	Lilium N.V.	1855756	lilm	proxy											
2022	LIPELLA PHARMACEUTICALS INC.	1347242	lipo	proxy											
2022	Snow Lake Resources Ltd.	1769697	litm	proxy											
2022	LIZHI INC.	1783407	lizi	proxy											
2022	Luokung Technology Corp.	1487839	lkco	proxy											
2022	LumiraDx Ltd	1685428	lmdx	proxy											
2022	Liminal BioSciences Inc.	1351172	lmnl	proxy											
2022	LINKBANCORP, Inc.	1756701	lnkb	proxy											
2022	LanzaTech Global, Inc.	1843724	lnza	proxy											
2022	LQR House Inc.	1843165	lqr	proxy											
2022	Lucy Scientific Discovery, Inc.	1865127	lsdi	proxy											
2022	LISATA THERAPEUTICS, INC.	320017	lsta	proxy											
2022	Innovative Eyewear Inc	1808377	lucy	proxy											
2022	Intuitive Machines, Inc.	1844452	lunr	proxy											
2022	LUXURBAN HOTELS INC.	1893311	luxh	proxy											
2022	LAVA Therapeutics NV	1840748	lvtx	proxy											
2022	LexinFintech Holdings Ltd.	1708259	lx	proxy											
2022	Lixiang Education Holding Co. Ltd.	1814067	lxeh	proxy											
2022	Lytus Technologies Holdings PTV. Ltd.	1816319	lyt	proxy											
2022	Mama's Creations, Inc.	1520358	mama	proxy											
2022	Metalpha Technology Holding Ltd	1682241	math	proxy											
2022	Maxeon Solar Technologies, Ltd.	1796898	maxn	proxy											
2022	Mobileye Global Inc.	1910139	mbly	proxy											
2022	mCloud Technologies Corp.	1756499	mcld	proxy											
2022	micromobility.com Inc.	1788841	mcom	proxy											
2022	Spectral AI, Inc.	1833498	mdai	proxy											
2022	MDB Capital Holdings, LLC	1934642	mdbh	proxy											
2022	Medigus Ltd.	1618500	mdgs	proxy											
2022	MDJM LTD	1741534	mdjh	proxy											
2022	Medicenna Therapeutics Corp.	1807983	mdna	proxy											
2022	MediWound Ltd.	1593984	mdwd	proxy											
2022	MDxHealth SA	1872529	mdxh	proxy											
2022	Magic Empire Global Ltd	1881472	megl	proxy											
2022	METHANEX CORP	886977	meoh	proxy											
2022	MESA AIR GROUP INC	810332	mesa	proxy											
2022	MESOBLAST LTD	1345099	meso	proxy											
2022	BTC Digital Ltd.	1796514	metx	proxy											
2022	Missfresh Ltd	1851682	mf	proxy											
2022	Mercurity Fintech Holding Inc.	1527762	mfh	proxy											
2022	Mobile Global Esports, Inc.	1886362	mgam	proxy											
2022	MAGIC SOFTWARE ENTERPRISES LTD	876779	mgic	proxy											
2022	Millennium Group International Holdings Ltd	1903995	mgih	proxy											
2022	MGO Global Inc.	1902794	mgol	proxy											
2022	MONOGRAM ORTHOPAEDICS INC	1769759	mgrm	proxy											
2022	MANGOCEUTICALS, INC.	1938046	mgrx	proxy											
2022	Meihua International Medical Technologies Co., Ltd.	1835615	mhua	proxy											
2022	SINGING MACHINE CO INC	923601	mics	proxy											
2022	MIRA PHARMACEUTICALS, INC.	1904286	mira	proxy											
2022	Molekule Group, Inc.	1872356	mkul	proxy											
2022	Melco Resorts & Entertainment LTD	1381640	mlco	proxy											
2022	MicroAlgo Inc.	1800392	mlgo	proxy											
2022	MoonLake Immunotherapeutics	1821586	mltx	proxy											
2022	Mineralys Therapeutics, Inc.	1933414	mlys	proxy											
2022	MARTIN MIDSTREAM PARTNERS L.P.	1176334	mmlp	proxy											
2022	MakeMyTrip Ltd	1495153	mmyt	proxy											
2022	MIND CTI LTD	1119083	mndo	proxy											
2022	monday.com Ltd.	1845338	mndy	proxy											
2022	Mobilicom Ltd	1898643	mob	proxy											
2022	Mobiquity Technologies, Inc.	1084267	mobq	proxy											
2022	Mogo Inc.	1602842	mogo	proxy											
2022	MOLECULAR PARTNERS AG	1745114	moln	proxy											
2022	Hello Group Inc.	1610601	momo	proxy											
2022	Mondee Holdings, Inc.	1828852	mond	proxy											
2022	MorphoSys AG	1340243	mor	proxy											
2022	Moxian (BVI) Inc	1864055	moxc	proxy											
2022	Mereo Biopharma Group plc	1719714	mreo	proxy											
2022	Medirom Healthcare Technologies Inc.	1819704	mrm	proxy											
2022	MMTec, Inc.	1742518	mtc	proxy											
2022	Maris Tech Ltd.	1872964	mtek	proxy											
2022	MATERIALISE NV	1091223	mtls	proxy											
2022	Murphy Canyon Acquisition Corp.	1896212	murf	proxy											
2022	Movella Holdings Inc.	1839132	mvla	proxy											
2022	Mynaric AG	1850453	myna	proxy											
2022	MAINZ BIOMED N.V.	1874252	mynz	proxy											
2022	Nano Labs Ltd	1872302	nan	proxy											
2022	NaaS Technology Inc.	1712178	naas	proxy											
2022	NewAmsterdam Pharma Co N.V.	1936258	nams	proxy											
2022	NIOCORP DEVELOPMENTS LTD	1512228	nb	proxy											
2022	Nanobiotix S.A.	1760854	nbtx	proxy											
2022	NuCana plc	1709626	ncna	proxy											
2022	noco-noco Inc.	1964021	ncnc	proxy											
2022	Netcapital Inc.	1414767	ncpl	proxy											
2022	NOCERA, INC.	1756180	ncra	proxy											
2022	The9 LTD	1296774	ncty	proxy											
2022	Newegg Commerce, Inc.	1474627	negg	proxy											
2022	NeoVolta Inc.	1748137	neov	proxy											
2022	Nabors Energy Transition Corp. II	1975218	netd	proxy											
2022	NFT Gaming Co Inc.	1895618	nftg	proxy											
2022	NeoGames S.A.	1821349	ngms	proxy											
2022	NICE Ltd.	1003935	nice	proxy											
2022	Near Intelligence, Inc.	1826671	nir	proxy											
2022	Nisun International Enterprise Development Group Co., Ltd	1603993	nisn	proxy											
2022	Niu Technologies	1744781	niu	proxy											
2022	NLS Pharmaceutics Ltd.	1783036	nlsp	proxy											
2022	Neumora Therapeutics, Inc.	1885522	nmra	proxy											
2022	99 Acquisition Group Inc.	1950429	nnagu	proxy											
2022	Nano Dimension Ltd.	1643303	nndm	proxy											
2022	Nano-X Imaging Ltd.	1795251	nnox	proxy											
2022	Nogin, Inc.	1841800	nogn	proxy											
2022	NeuroSense Therapeutics Ltd.	1875091	nrsn	proxy											
2022	NetEase, Inc.	1110646	ntes	proxy											
2022	Nutex Health, Inc.	1479681	nutx	proxy											
2022	NorthView Acquisition Corp	1859807	nvac	proxy											
2022	Nuvectis Pharma, Inc.	1875558	nvct	proxy											
2022	Nuvei Corp	1765159	nvei	proxy											
2022	NOVA LTD.	1109345	nvmi	proxy											
2022	NOVONIX Ltd	1859795	nvx	proxy											
2022	Nature Wood Group Ltd	1948294	nwgl	proxy											
2022	NWTN, Inc.	1932737	nwtn	proxy											
2022	Nexalin Technology, Inc.	1527352	nxl	proxy											
2022	NextPlat Corp	1058307	nxpl	proxy											
2022	Nextracker Inc.	1852131	nxt	proxy											
2022	Nxu, Inc.	1722969	nxu	proxy											
2022	Nayax Ltd.	1901279	nyax	proxy											
2022	Nyxoah SA	1857190	nyxh	proxy											
2022	OmniAb, Inc.	1846253	oabi	proxy											
2022	Orchestra BioMed Holdings, Inc.	1814114	obio	proxy											
2022	Ocean Biomedical, Inc.	1869974	ocea	proxy											
2022	Oriental Culture Holding LTD	1776067	ocg	proxy											
2022	Oculis Holding AG	1953530	ocs	proxy											
2022	Eightco Holdings Inc.	1892492	octo	proxy											
2022	Oddity Tech Ltd	1907085	odd	proxy											
2022	Osisko Development Corp.	1431852	odvww	proxy											
2022	ORGANIGRAM HOLDINGS INC.	1620737	ogi	proxy											
2022	OKYO Pharma Ltd	1849296	okyo	proxy											
2022	Olink Holding AB (publ)	1835539	olk	proxy											
2022	Central North Airport Group	1378239	omab	proxy											
2022	Ohmyhome Ltd	1944902	omh	proxy											
2022	ONCOLYTICS BIOTECH INC	1129928	oncy	proxy											
2022	Onfolio Holdings, Inc	1825452	onfo	proxy											
2022	OceanPal Inc.	1869467	op	proxy											
2022	OPAL Fuels Inc.	1842279	opal	proxy											
2022	Opera Ltd	1737450	opra	proxy											
2022	Opthea Ltd	1815620	opt	proxy											
2022	ProSomnus, Inc.	1934064	osa	proxy											
2022	Ostin Technology Group Co., Ltd.	1803407	ost	proxy											
2022	OPEN TEXT CORP	1002638	otex	proxy											
2022	Oatly Group AB	1843586	otly	proxy											
2022	Otonomo Technologies Ltd.	1842498	otmo	proxy											
2022	Bank OZK	1569650	ozk	proxy											
2022	Paranovus Entertainment Technology Ltd.	1751876	pavs	proxy											
2022	Patria Investments Ltd	1825570	pax	proxy											
2022	Powerbridge Technologies Co., Ltd.	1754323	pbts	proxy											
2022	PDD Holdings Inc.	1737806	pdd	proxy											
2022	PepGen Inc.	1835597	pepg	proxy											
2022	Perion Network Ltd.	1338940	peri	proxy											
2022	Wag! Group Co.	1842356	pet	proxy											
2022	TDH Holdings, Inc.	1684425	petz	proxy											
2022	PHOENIX MOTOR INC.	1879848	pev	proxy											
2022	Preferred Bank	1492165	pfbc	proxy											
2022	Pagaya Technologies Ltd.	1883085	pgy	proxy											
2022	Pharming Group N.V.	1828316	phar	proxy											
2022	Pharvaris N.V.	1830487	phvs	proxy											
2022	PHAXIAM Therapeutics S.A.	1624422	phxm	proxy											
2022	Priveterra Acquisition Corp. II	1821606	pmgmu	proxy											
2022	ProMIS Neurosciences Inc.	1374339	pmn	proxy											
2022	PRECISION OPTICS CORPORATION, INC.	867840	poci	proxy											
2022	Courtside Group, Inc.	1940177	podc	proxy											
2022	POET TECHNOLOGIES INC.	1437424	poet	proxy											
2022	PURPLE BIOTECH LTD.	1614744	ppbt	proxy											
2022	Prenetics Global Ltd	1876431	pre	proxy											
2022	PAINREFORM LTD.	1801834	prfx	proxy											
2022	Prime Medicine, Inc.	1894562	prme	proxy											
2022	Procaps Group, S.A.	1863362	proc	proxy											
2022	Profound Medical Corp.	1628808	prof	proxy											
2022	PROKIDNEY CORP.	1850270	prok	proxy											
2022	ProQR Therapeutics N.V.	1612940	prqr	proxy											
2022	Presto Automation Inc.	1822145	prst	proxy											
2022	PureTech Health plc	1782999	prtc	proxy											
2022	PORTAGE BIOTECH INC.	1095435	prtg	proxy											
2022	ParaZero Technologies Ltd.	1916241	przo	proxy											
2022	Performance Shipping Inc.	1481241	pshg	proxy											
2022	Polestar Automotive Holding UK PLC	1884082	psny	proxy											
2022	Pintec Technology Holdings Ltd	1716338	pt	proxy											
2022	PUYI, INC.	1750264	puyi	proxy											
2022	Prestige Wealth Inc.	1765850	pwm	proxy											
2022	PIXIE DUST TECHNOLOGIES, INC.	1962845	pxdt	proxy											
2022	PaxMedica, Inc.	1811623	pxmd	proxy											
2022	Pyxis Tankers Inc.	1640043	pxs	proxy											
2022	PolyPid Ltd.	1611842	pypd	proxy											
2022	PyroGenesis Canada Inc.	1743344	pyr	proxy											
2022	QuidelOrtho Corp	1906324	qdel	proxy											
2022	Qifu Technology, Inc.	1741530	qfin	proxy											
2022	QUHUO Ltd	1781193	qh	proxy											
2022	Quipt Home Medical Corp.	1540013	qipt	proxy											
2022	Qilian International Holding Group Ltd	1779578	qli	proxy											
2022	Quoin Pharmaceuticals, Ltd.	1671502	qnrx	proxy											
2022	QuantaSing Group Ltd	1932770	qsg	proxy											
2022	Erayak Power Solution Group Inc.	1825875	raya	proxy											
2022	R1 RCM Inc. /DE	1910851	rcm	proxy											
2022	Recon Technology, Ltd	1442620	rcon	proxy											
2022	RADCOM LTD	1016838	rdcm	proxy											
2022	RedHill Biopharma Ltd.	1553846	rdhl	proxy											
2022	SCHNITZER STEEL INDUSTRIES, INC.	912603	rdus	proxy											
2022	RADWARE LTD	1094366	rdwr	proxy											
2022	Real Brokerage Inc	1862461	reax	proxy											
2022	Reborn Coffee, Inc.	1707910	rebn	proxy											
2022	REE Automotive Ltd.	1843588	ree	proxy											
2022	RENOVARO BIOSCIENCES INC.	1527728	renb	proxy											
2022	ReTo Eco-Solutions, Inc.	1687277	reto	proxy											
2022	Regencell Bioscience Holdings Ltd	1829667	rgc	proxy											
2022	Rigetti Computing, Inc.	1838359	rgti	proxy											
2022	Rocky Mountain Chocolate Factory, Inc.	1616262	rmcf	proxy											
2022	Renalytix plc	1811115	rnlx	proxy											
2022	ReNew Energy Global plc	1848763	rnw	proxy											
2022	Baijiayun Group Ltd	1381074	rtc	proxy											
2022	Rumble Inc.	1830081	rum	proxy											
2022	Rail Vision Ltd.	1743905	rvsn	proxy											
2022	RYVYL Inc.	1419275	rvyl	proxy											
2022	RYANAIR HOLDINGS PLC	1038683	ryaay	proxy											
2022	RayzeBio, Inc.	1825367	ryzb	proxy											
2022	SAI.TECH Global Corp	1847075	sai	proxy											
2022	Sangoma Technologies Corp	1753368	sang	proxy											
2022	Satellogic Inc.	1874315	satl	proxy											
2022	SharpLink Gaming Ltd.	1025561	sbet	proxy											
2022	Sunshine Biopharma, Inc	1402328	sbfm	proxy											
2022	Sinclair, Inc.	1971213	sbgi	proxy											
2022	Star Bulk Carriers Corp.	1386716	sblk	proxy											
2022	Scilex Holding Co	1820190	sclx	proxy											
2022	Scinai Immunotherapeutics Ltd.	1611747	scni	proxy											
2022	SciPlay Corp	1760717	scpl	proxy											
2022	Societal CDMO, Inc.	1588972	sctl	proxy											
2022	374Water Inc.	933972	scwo	proxy											
2022	Sadot Group Inc.	1701756	sdot	proxy											
2022	Secoo Holding Ltd	1633441	seco	proxy											
2022	Origin Agritech LTD	1321851	seed	proxy											
2022	Sezzle Inc.	1662991	sezl	proxy											
2022	Appreciate Holdings, Inc.	1821075	sfr	proxy											
2022	SHENGFENG DEVELOPMENT Ltd	1863218	sfwl	proxy											
2022	Safe & Green Development Corp	1959023	sgdvv	proxy											
2022	Sigma Lithium Corp	1848309	sgml	proxy											
2022	Sagimet Biosciences Inc.	1400118	sgmt	proxy											
2022	SHF Holdings, Inc.	1854963	shfs	proxy											
2022	Seanergy Maritime Holdings Corp.	1448397	ship	proxy											
2022	SHL TELEMEDICINE LTD	1166834	shlt	proxy											
2022	SIFY TECHNOLOGIES LTD	1094324	sify	proxy											
2022	SILICOM LTD.	916793	silc	proxy											
2022	Silicon Motion Technology CORP	1329394	simo	proxy											
2022	Scienjoy Holding Corp	1753673	sj	proxy											
2022	Skyward Specialty Insurance Group, Inc.	1519449	skwd	proxy											
2022	Social Leverage Acquisition Corp I	1834755	slac	proxy											
2022	Super League Enterprise, Inc.	1621672	sle	proxy											
2022	Sol-Gel Technologies Ltd.	1684693	slgl	proxy											
2022	Silence Therapeutics plc	1479615	sln	proxy											
2022	ACELYRIN, Inc.	1962918	slrn	proxy											
2022	SMART FOR LIFE, INC.	1851860	smfl	proxy											
2022	SMX (Security Matters) Public Ltd Co	1940674	smx	proxy											
2022	Snail, Inc.	1886894	snal	proxy											
2022	SNDL Inc.	1766600	sndl	proxy											
2022	SENSTAR TECHNOLOGIES LTD.	896494	snt	proxy											
2022	Sentage Holdings Inc.	1810467	sntg	proxy											
2022	Senti Biosciences, Inc.	1854270	snti	proxy											
2022	Sanofi	1121404	sny	proxy											
2022	SOBR Safe, Inc.	1425627	sobr	proxy											
2022	Sohu.com Ltd	1734107	sohu	proxy											
2022	ELECTRAMECCANICA VEHICLES CORP.	1637736	solo	proxy											
2022	SOPHiA GENETICS SA	1840706	soph	proxy											
2022	SOUNDHOUND AI, INC.	1840856	soun	proxy											
2022	SuperCom Ltd	1291855	spcb	proxy											
2022	Sacks Parente Golf, Inc.	1934245	spgc	proxy											
2022	SAPIENS INTERNATIONAL CORP N V	885740	spns	proxy											
2022	SIMPPLE LTD.	1948697	sppl	proxy											
2022	SciSparc Ltd.	1611746	sprc	proxy											
2022	ARS Pharmaceuticals, Inc.	1671858	spry	proxy											
2022	SpartanNash Co	877422	sptn	proxy											
2022	Sportradar Group AG	1836470	srad	proxy											
2022	SR Bancorp, Inc.	1951276	srbk	proxy											
2022	SRM Entertainment, Inc.	1956744	srm	proxy											
2022	STRATASYS LTD.	1517396	ssys	proxy											
2022	Starbox Group Holdings Ltd.	1914818	stbx	proxy											
2022	Steel Connect, Inc.	914712	stcn	proxy											
2022	Star Holdings	1953366	stho	proxy											
2022	Semantix, Inc.	1896049	stix	proxy											
2022	Steakholder Foods Ltd.	1828098	stkh	proxy											
2022	StoneCo Ltd.	1745431	stne	proxy											
2022	Sharps Technology Inc.	1737995	stss	proxy											
2022	SurgePays, Inc.	1392694	surg	proxy											
2022	SaverOne 2014 Ltd.	1894693	svre	proxy											
2022	Firsthand Technology Value Fund, Inc.	1495584	svvc	proxy											
2022	Stran & Company, Inc.	1872525	swag	proxy											
2022	Solowin Holdings, Ltd.	1959224	swin	proxy											
2022	Swvl Holdings Corp	1875609	swvl	proxy											
2022	China SXT Pharmaceuticals, Inc.	1723980	sxtc	proxy											
2022	60 DEGREES PHARMACEUTICALS, INC.	1946563	sxtp	proxy											
2022	So-Young International Inc.	1758530	sy	proxy											
2022	Symbotic Inc.	1837240	sym	proxy											
2022	SYLA Technologies Co., Ltd.	1946216	syt	proxy											
2022	Siyata Mobile Inc.	1649009	syta	proxy											
2022	TANTECH HOLDINGS LTD	1588084	tanh	proxy											
2022	Taoping Inc.	1552670	taop	proxy											
2022	TAT TECHNOLOGIES LTD	808439	tatt	proxy											
2022	Telesis Bio Inc.	1850079	tbio	proxy											
2022	Taboola.com Ltd.	1840502	tbla	proxy											
2022	Thornburg Income Builder Opportunities Trust	1820378	tbld	proxy											
2022	TuanChe Ltd	1743340	tc	proxy											
2022	TC BioPharm (Holdings) plc	1872812	tcbp	proxy											
2022	Top KingWin Ltd	1938865	tcjh	proxy											
2022	Trip.com Group Ltd	1269238	tcom	proxy											
2022	Atlassian Corp	1650372	team	proxy											
2022	Tectonic Financial, Inc.	1766526	tectp	proxy											
2022	Tarena International, Inc.	1592560	tedu	proxy											
2022	Triumph Financial, Inc.	1539638	tfin	proxy											
2022	TREASURE GLOBAL INC	1905956	tgl	proxy											
2022	Thunder Bridge Capital Partners IV, Inc.	1843993	thcp	proxy											
2022	Third Harmonic Bio, Inc.	1923840	thrd	proxy											
2022	Theratechnologies Inc.	1512717	thtx	proxy											
2022	MILLICOM INTERNATIONAL CELLULAR SA	912958	tigo	proxy											
2022	UP Fintech Holding Ltd	1756699	tigr	proxy											
2022	Tingo Group, Inc.	854800	tio	proxy											
2022	TIAN RUIXIANG HOLDINGS LTD	1782941	tirx	proxy											
2022	Yoshitsu Co., Ltd	1836242	tklf	proxy											
2022	Tiziana Life Sciences Ltd	1723069	tlsa	proxy											
2022	TriSalus Life Sciences, Inc.	1826667	tlsi	proxy											
2022	Tempo Automation Holdings, Inc.	1813658	tmpo	proxy											
2022	Tenon Medical, Inc.	1560293	tnon	proxy											
2022	TOP Financial Group Ltd	1848275	top	proxy											
2022	TOP SHIPS INC.	1296484	tops	proxy											
2022	TORO CORP.	1941131	toro	proxy											
2022	Tuniu Corp	1597095	tour	proxy											
2022	TPG Inc.	1880661	tpg	proxy											
2022	TRINITY BIOTECH PLC	888721	trib	proxy											
2022	TORM plc	1655891	trmd	proxy											
2022	Tremor International Ltd.	1849396	trmr	proxy											
2022	Interactive Strength, Inc.	1785056	trnr	proxy											
2022	Troops, Inc. /Cayman Islands/	1412095	troo	proxy											
2022	trivago N.V.	1683825	trvg	proxy											
2022	Telesat Corp	1845840	tsat	proxy											
2022	Turnstone Biologics Corp.	1764974	tsbx	proxy											
2022	TOWER SEMICONDUCTOR LTD	928876	tsem	proxy											
2022	TITAN PHARMACEUTICALS INC	910267	ttnp	proxy											
2022	Turbo Energy, S.A.	1963439	turb	proxy											
2022	TherapeuticsMD, Inc.	25743	txmd	proxy											
2022	TIGO ENERGY, INC.	1855447	tygo	proxy											
2022	U Power Ltd	1939780	ucar	proxy											
2022	uCloudlink Group Inc.	1775898	ucl	proxy											
2022	United Homes Group, Inc.	1830188	uhg	proxy											
2022	Ucommune International Ltd	1821424	uk	proxy											
2022	UPBOUND GROUP, INC.	933036	upbd	proxy											
2022	Universe Pharmaceuticals INC	1809616	upc	proxy											
2022	TradeUP Acquisition Corp.	1844417	uptd	proxy											
2022	Uranium Royalty Corp.	1711570	uroy	proxy											
2022	United Maritime Corp	1912847	usea	proxy											
2022	U.S. GoldMining Inc.	1947244	usgo	proxy											
2022	UTSTARCOM HOLDINGS CORP.	1030471	utsi	proxy											
2022	Uxin Ltd	1729173	uxin	proxy											
2022	Valneva SE	1836564	valn	proxy											
2022	Vivani Medical, Inc.	1266806	vani	proxy											
2022	Vascular Biogenics Ltd.	1603207	vblt	proxy											
2022	VersaBank	1690639	vbnk	proxy											
2022	VCI Global Ltd	1930510	vcig	proxy											
2022	10X Capital Venture Acquisition Corp. II	1848898	vcxa	proxy											
2022	Visionary Education Technology Holdings Group Inc.	1892274	vedu	proxy											
2022	Twin Vee PowerCats, Co.	1855509	veee	proxy											
2022	VEON Ltd.	1468091	veon	proxy											
2022	VICINITY MOTOR CORP	1834975	vev	proxy											
2022	VinFast Auto Ltd.	1913510	vfsww	proxy											
2022	Verde Clean Fuels, Inc.	1841425	vgas	proxy											
2022	Vinci Partners Investments Ltd.	1826286	vinp	proxy											
2022	Viomi Technology Co., Ltd	1742770	viot	proxy											
2022	Vivakor, Inc.	1450704	vivk	proxy											
2022	voxeljet AG	1582581	vjet	proxy											
2022	Vision Marine Technologies Inc.	1813783	vmar	proxy											
2022	VNET Group, Inc.	1508475	vnet	proxy											
2022	Viper Energy Partners LP	1602065	vnom	proxy											
2022	VODAFONE GROUP PUBLIC LTD CO	839923	vod	proxy											
2022	Vox Royalty Corp.	1907909	voxr	proxy											
2022	VIQ Solutions Inc.	1777765	vqs	proxy											
2022	Virax Biolabs Group Ltd	1885827	vrax	proxy											
2022	Versus Systems Inc.	1701963	vs	proxy											
2022	Vasta Platform Ltd	1792829	vsta	proxy											
2022	Vitru Ltd	1805012	vtru	proxy											
2022	VivoPower International PLC	1681348	vvpr	proxy											
2022	Wah Fu Education Group Ltd	1716770	wafu	proxy											
2022	Waldencast plc	1840199	wald	proxy											
2022	Eco Wave Power Global AB (publ)	1846715	wave	proxy											
2022	Western Acquisition Ventures Corp.	1868419	wavs	proxy											
2022	WEIBO Corp	1595761	wb	proxy											
2022	Westrock Coffee Co	1806347	west	proxy											
2022	WeTrade Group Inc.	1784970	wetg	proxy											
2022	GeneDx Holdings Corp.	1818331	wgs	proxy											
2022	G WILLI FOOD INTERNATIONAL LTD	1030997	wilc	proxy											
2022	WiMi Hologram Cloud Inc.	1770088	wimi	proxy											
2022	Wix.com Ltd.	1576789	wix	proxy											
2022	Wisekey International Holding S.A.	1738699	wkey	proxy											
2022	WalkMe Ltd.	1847584	wkme	proxy											
2022	Wearable Devices Ltd.	1887673	wlds	proxy											
2022	WANG & LEE GROUP, Inc.	1899658	wlgs	proxy											
2022	Meiwu Technology Co Ltd	1787803	wnw	proxy											
2022	WESTPORT FUEL SYSTEMS INC.	1370416	wprt	proxy											
2022	WARRANTEE INC.	1900564	wrnt	proxy											
2022	Welsbach Technology Metals Acquisition Corp.	1866226	wtma	proxy											
2022	UTime Ltd	1789299	wto	proxy											
2022	Xunlei Ltd	1510593	xnet	proxy											
2022	XP Inc.	1787425	xp	proxy											
2022	Expion360 Inc.	1894954	xpon	proxy											
2022	XORTX Therapeutics Inc.	1729214	xrtx	proxy											
2022	XTL BIOPHARMACEUTICALS LTD	1023549	xtlb	proxy											
2022	XWELL, Inc.	1410428	xwel	proxy											
2022	YanGuFang International Group Co., Ltd	1875496	ygf	proxy											
2022	111, Inc.	1738906	yi	proxy											
2022	Yunji Inc.	1759614	yj	proxy											
2022	Yoshiharu Global Co.	1898604	yosh	proxy											
2022	Yotta Acquisition Corp	1907730	yota	proxy											
2022	17 Education & Technology Group Inc.	1821468	yq	proxy											
2022	Yatra Online, Inc.	1516899	ytra	proxy											
2022	JOYY Inc.	1530238	yy	proxy											
2022	Zapp Electric Vehicles Group Ltd	1955104	zapp	proxy											
2022	Zhongchao Inc.	1785566	zcmd	proxy											
2022	Zenvia Inc.	1836934	zenv	proxy											
2022	ZeroFox Holdings, Inc.	1823575	zfox	proxy											
2022	ZimVie Inc.	1876588	zimv	proxy											
2022	Jin Medical International Ltd.	1837821	zjyl	proxy											
2022	ZK International Group Co., Ltd.	1687451	zkin	proxy											
2022	Zentek Ltd.	1904501	ztek	proxy											
2022	Zura Bio Ltd	1855644	zura	proxy											
2022	ZEVRA THERAPEUTICS, INC.	1434647	zvra	proxy											
2022	ZyVersa Therapeutics, Inc.	1859007	zvsa	proxy											
2022	Zymeworks Inc.	1937653	zyme	proxy											