Symbol,CIK,Title
aacg,1420529,ATA Creativity Global
abat,1576873,AMERICAN BATTERY TECHNOLOGY Co
abcm,1492074,Abcam plc
abl,1814287,"Abacus Life, Inc."
ablv,1957489,Able View Global Inc.
acax,1897245,Alset Capital Acquisition Corp.
acb,1683541,AURORA CANNABIS INC
acba,1844389,Ace Global Business Acquisition Ltd
acdc,1881487,ProFrac Holding Corp.
achl,1830749,Achilles Therapeutics plc
acic,1401521,AMERICAN COASTAL INSURANCE Corp
aciu,1651625,AC Immune SA
aclx,1786205,"Arcellx, Inc."
acon,1635077,"Aclarion, Inc."
acrv,1781174,"Acrivon Therapeutics, Inc."
adag,1818838,Adagene Inc.
add,1747661,"Color Star Technology Co., Ltd."
adea,1803696,Adeia Inc.
adoc,1824884,Edoc Acquisition Corp.
adse,1879248,Ads-Tec Energy Public Ltd Co
adxn,1574232,Addex Therapeutics Ltd.
aehl,1470683,Antelope Enterprise Holdings Ltd
aent,1823584,ALLIANCE ENTERTAINMENT HOLDING CORP
aezs,1113423,Aeterna Zentaris Inc.
afmd,1608390,Affimed N.V.
afri,1903870,Forafric Global PLC
afya,1771007,Afya Ltd
agae,1708341,Allied Gaming & Entertainment Inc.
agba,1769624,AGBA Group Holding Ltd.
agmh,1705402,"AGM GROUP HOLDINGS, INC."
ahg,1702318,Akso Health Group
ahi,1815436,Advanced Health Intelligence Ltd
aih,1757143,Aesthetic Medical International Holdings Group Ltd
aimd,1014763,"Ainos, Inc."
aixi,1935172,Xiao-I Corp
akan,1888014,AKANDA CORP.
akli,1850266,"Akili, Inc."
aktx,1541157,Akari Therapeutics Plc
aku,1776197,AKUMIN INC.
alar,1725332,Alarum Technologies Ltd.
albt,1630212,Avalon GloboCare Corp.
allt,1365767,Allot Ltd.
alnt,46129,ALLIENT INC
alti,1838615,"AlTi Global, Inc."
alvo,1898416,Alvotech
alya,1734520,Alithya Group inc
alzn,1677077,"Alzamend Neuro, Inc."
amam,1836056,Ambrx Biopharma Inc.
amao,1843656,American Acquisition Opportunity Inc.
amli,1699880,American Lithium Corp.
angh,1871983,Anghami Inc
ante,1413745,AIRNET TECHNOLOGY INC.
antx,1880438,"AN2 Therapeutics, Inc."
any,1591956,Sphere 3D Corp.
aogo,1881741,Arogo Capital Acquisition Corp.
aonc,1839998,"American Oncology Network, Inc."
apge,1974640,"Apogee Therapeutics, Inc."
api,1802883,"Agora, Inc."
apm,1734005,Aptorum Group Ltd
aptm,1845550,Alpha Partners Technology Merger Corp.
apwc,1026980,ASIA PACIFIC WIRE & CABLE CORP LTD
arbb,1930179,ARB IOT Group Ltd
arbe,1861841,Arbe Robotics Ltd.
arbk,1841675,Argo Blockchain Plc
arce,1740594,Arco Platform Ltd.
areb,1648087,AMERICAN REBEL HOLDINGS INC
argx,1697862,ARGENX SE
arm,1973239,ARM HOLDINGS PLC /UK
arqq,1859690,Arqit Quantum Inc.
artl,1621221,"ARTELO BIOSCIENCES, INC."
artna,863110,ARTESIAN RESOURCES CORP
arvl,1835059,Arrival
aryd,1838821,ARYA Sciences Acquisition Corp IV
asln,1722926,ASLAN Pharmaceuticals Ltd
asml,937966,ASML HOLDING NV
asnd,1612042,Ascendis Pharma A/S
asns,1141284,ACTELIS NETWORKS INC
aspa,1854583,"Abri SPAC I, Inc."
aspi,1921865,ASP Isotopes Inc.
asst,1920406,Asset Entities Inc.
asti,1350102,"Ascent Solar Technologies, Inc."
astl,1860805,Algoma Steel Group Inc.
atat,1853717,Atour Lifestyle Holdings Ltd
atcol,1794846,Atlas Corp.
atha,1620463,"Athira Pharma, Inc."
athe,1131343,ALTERITY THERAPEUTICS LTD
atif,1755058,ATIF Holdings Ltd
atlx,1540684,Atlas Lithium Corp
atxg,1650101,ADDENTAX GROUP CORP.
audc,1086434,AUDIOCODES LTD
autl,1730463,Autolus Therapeutics plc
avta,1068875,"AVANTAX, INC."
awin,1855631,AERWINS Technologies Inc.
ay,1601072,Atlantica Sustainable Infrastructure plc
az,1866030,A2Z Smart Technologies Corp
azn,901832,ASTRAZENECA PLC
back,1729944,"IMAC Holdings, Inc."
banl,1914805,CBL International Ltd
baos,1811216,Baosheng Media Group Holdings Ltd
batra,1958140,"Atlanta Braves Holdings, Inc."
bcal,1795815,Southern California Bancorp \ CA
bcan,1888151,BYND CANNASOFT ENTERPRISES INC.
bctx,1610820,BriaCell Therapeutics Corp.
bdrx,1643918,Biodexa Pharmaceuticals Plc
betr,1835856,Better Home & Finance Holding Co
bets,1543268,Bit Brother Ltd
bfrg,1829247,"BullFrog AI Holdings, Inc."
bgc,1094831,"BGC Group, Inc."
bglc,1737523,BioNexus Gene Lab Corp
bhat,1759136,Blue Hat Interactive Entertainment Technology
bhrb,1964333,Burke & Herbert Financial Services Corp.
biaf,1712762,"bioAffinity Technologies, Inc."
bidu,1329099,"Baidu, Inc."
bili,1723690,Bilibili Inc.
biox,1769484,Bioceres Crop Solutions Corp.
bitf,1812477,Bitfarms Ltd
bldp,1453015,Ballard Power Systems Inc.
blrx,1498403,BioLineRx Ltd.
blte,1889109,"BELITE BIO, INC"
bmr,1899005,Beamr Imaging Ltd.
bnmv,1437491,"BitNile Metaverse, Inc."
bnox,1191070,BIONOMICS LIMITED/FI
bnr,1792267,Burning Rock Biotech Ltd
bnrg,1901215,Brenmiller Energy Ltd.
bntx,1776985,BioNTech SE
bof,1962481,BranchOut Food Inc.
bon,1816815,Bon Natural Life Ltd
bosc,1005516,BOS BETTER ONLINE SOLUTIONS LTD
bown,1973056,Bowen Acquisition Corp
bprn,1913971,"Princeton Bancorp, Inc."
bpts,1768946,Biophytis SA
bpypm,1545772,Brookfield Property Partners L.P.
brag,1867834,Bragg Gaming Group Inc.
brea,1939965,Brera Holdings PLC
brog,1774983,Brooge Energy Ltd
brqs,1650575,"Borqs Technologies, Inc."
brsh,1913210,Bruush Oral Care Inc.
btbt,1710350,"Bit Digital, Inc"
btcy,1630113,BIOTRICITY INC.
btdr,1899123,Bitdeer Technologies Group
btm,1901799,Bitcoin Depot Inc.
btmd,1819253,biote Corp.
btog,1735556,BIT ORIGIN Ltd
bvfl,1302387,"BV Financial, Inc."
bway,1505065,Brainsway Ltd.
bwmx,1788257,"BETTERWARE DE MEXICO, S.A.P.I. DE C.V"
bysi,1677940,BeyondSpring Inc.
bz,1842827,Kanzhun Ltd
bzun,1625414,Baozun Inc.
caco,1928948,Caravelle International Group
calc,1534133,"CalciMedica, Inc."
calt,1795579,Calliditas Therapeutics AB
camt,1109138,CAMTEK LTD
can,1780652,Canaan Inc.
carm,1485003,Carisma Therapeutics Inc.
cart,1579091,Maplebear Inc.
casi,1962738,"CASI Pharmaceuticals, Inc."
cbio,1124105,"CATALYST BIOSCIENCES, INC."
cbus,1705843,"Cibus, Inc."
ccep,1650107,COCA-COLA EUROPACIFIC PARTNERS plc
ccg,1965473,Cheche Group Inc.
ccld,1582982,"CareCloud, Inc."
cclp,1449488,CSI Compressco LP
cd,1807192,Chindata Group Holdings Ltd
cdio,1870144,"Cardio Diagnostics Holdings, Inc."
cdro,1866782,"Codere Online Luxembourg, S.A."
ceco,3197,CECO ENVIRONMENTAL CORP
ceg,1868275,Constellation Energy Corp
cell,1689657,PhenomeX Inc.
cenn,1707919,CENNTRO ELECTRIC GROUP Ltd
cety,1329606,"Clean Energy Technologies, Inc."
cffe,1839530,CF Acquisition Corp. VIII
cfsb,1879103,"CFSB Bancorp, Inc. /MA/"
cgen,1119774,COMPUGEN LTD
cgnt,1824814,Cognyte Software Ltd.
cgo,1285650,CALAMOS GLOBAL TOTAL RETURN FUND
chek,1610590,Check-Cap Ltd
chi,1171471,CALAMOS CONVERTIBLE OPPORTUNITIES & INCOME FUND
chkp,1015922,CHECK POINT SOFTWARE TECHNOLOGIES LTD
chnr,793628,CHINA NATURAL RESOURCES INC
chscl,823277,CHS INC
chsn,1825349,Chanson International Holding
chw,1396277,Calamos Global Dynamic Income Fund
chy,1222719,CALAMOS CONVERTIBLE & HIGH INCOME FUND
cigi,913353,Colliers International Group Inc.
ciso,1777319,"CISO Global, Inc."
ciss,1951067,C3is Inc.
cjet,1957413,"Chijet Motor Company, Inc."
cjjd,1856084,"China Jo-Jo Drugstores Holdings, Inc."
clbt,1854587,Cellebrite DI Ltd.
cleu,1775085,China Liberal Education Holdings Ltd
clgn,1631487,CollPlant Biotechnologies Ltd
clin,1883984,Clean Earth Acquisitions Corp.
clls,1627281,Cellectis S.A.
clmb,945983,"Climb Global Solutions, Inc."
clmt,1340122,"Calumet Specialty Products Partners, L.P."
clps,1724542,CLPS Inc
clwt,1026662,EURO TECH HOLDINGS CO LTD
cmnd,1892500,Clearmind Medicine Inc.
cmra,1907685,"Comera Life Sciences Holdings, Inc."
cney,1780785,CN ENERGY GROUP. INC.
cntb,1835268,Connect Biopharma Holdings Ltd
cntg,1757097,Centogene N.V.
cnvs,1173204,Cineverse Corp.
cnxa,1674440,Connexa Sports Technologies Inc.
coep,1759186,"Coeptis Therapeutics Holdings, Inc."
coya,1835022,"Coya Therapeutics, Inc."
cplp,1392326,Capital Product Partners L.P.
cpop,1807389,"Pop Culture Group Co., Ltd"
cpz,1717457,Calamos Long/Short Equity & Dynamic Income Trust
crdl,1702123,Cardiol Therapeutics Inc.
cresw,1034957,CRESUD INC
crnt,1119769,CERAGON NETWORKS LTD
crvo,1053691,CervoMed Inc.
csiq,1375877,Canadian Solar Inc.
cslr,1838987,"Complete Solaria, Inc."
csq,1275214,CALAMOS STRATEGIC TOTAL RETURN FUND
cste,1504379,Caesarstone Ltd.
ctcx,1842939,Carmell Corp
ctnt,1951667,CHEETAH NET SUPPLY CHAIN SERVICE INC.
ctrm,1720161,Castor Maritime Inc.
cvac,1809122,CureVac N.V.
cvcy,1127371,CENTRAL VALLEY COMMUNITY BANCORP
cvkd,1937993,"Cadrenal Therapeutics, Inc."
cwd,1627282,CaliberCos Inc.
cxai,1820875,CXApp Inc.
cybr,1598110,CyberArk Software Ltd.
cyto,1601936,Altamira Therapeutics Ltd.
dada,1793862,Dada Nexus Ltd
dcbo,1829959,Docebo Inc.
dcfc,1862490,Tritium DCFC Ltd
ddi,1799567,"DoubleDown Interactive Co., Ltd."
dfli,1847986,Dragonfly Energy Holdings Corp.
dghi,1854368,Digihost Technology Inc.
dhac,1864531,DIGITAL HEALTH ACQUISITION CORP.
dkdca,1849380,Data Knights Acquisition Corp.
dkng,1883685,DraftKings Inc.
dlo,1846832,dLocal Ltd
dmaq,1857086,Deep Medicine Acquisition Corp.
dmk,887247,DMK PHARMACEUTICALS Corp
dnth,1690585,"Dianthus Therapeutics, Inc. /DE/"
dogz,1707303,Dogness (International) Corp
domh,12239,Dominari Holdings Inc.
dooo,1748797,BRP Inc.
dox,1062579,AMDOCS LTD
doyu,1762417,DouYu International Holdings Ltd
dpro,1786286,Draganfly Inc.
drct,1880613,"Direct Digital Holdings, Inc."
drs,1833756,"Leonardo DRS, Inc."
drts,1871321,Alpha Tau Medical Ltd.
drug,1827401,BRIGHT MINDS BIOSCIENCES INC.
dsgx,1050140,DESCARTES SYSTEMS GROUP INC
dswl,946936,DESWELL INDUSTRIES INC
dtck,1949478,DAVIS COMMODITIES Ltd
dti,1884516,Drilling Tools International Corp
dune,1817232,Dune Acquisition Corp
duo,1750593,Fangdd Network Group Ltd.
dwac,1849635,Digital World Acquisition Corp.
ebon,1799290,Ebang International Holdings Inc.
ecbk,1914605,"ECB Bancorp, Inc. /MD/"
ecx,1861974,ECARX Holdings Inc.
edap,1041934,EDAP TMS SA
edbl,1809750,Edible Garden AG Inc
edry,1731388,EuroDry Ltd.
edtk,1782309,Skillful Craftsman Education Technology Ltd
eeiq,1781397,EpicQuest Education Group International Ltd
efht,1922858,EF Hutton Acquisition Corp I
egio,1391127,"Edgio, Inc."
eglx,1854233,Enthusiast Gaming Holdings Inc. / Canada
eh,1759783,EHang Holdings Ltd
ejh,1769768,E-Home Household Service Holdings Ltd
elbm,1907184,Electra Battery Materials Corp
eltk,1024672,ELTEK LTD
eltx,1601485,"Elicio Therapeutics, Inc."
elut,1708527,ELUTIA INC.
elva,1844450,Electrovaya Inc.
elvn,1672619,"Enliven Therapeutics, Inc."
elws,1944399,"Earlyworks Co., Ltd."
em,1834253,Smart Share Global Ltd
encp,1879373,Energem Corp
enlt,1922641,Enlight Renewable Energy Ltd.
enlv,1596812,Enlivex Therapeutics Ltd.
epow,1780731,"Sunrise New Energy Co., Ltd."
eric,717826,ERICSSON LM TELEPHONE CO
erie,922621,ERIE INDEMNITY CO
erna,748592,Eterna Therapeutics Inc.
esea,1341170,EUROSEAS LTD.
esgl,1957538,ESGL Holdings Ltd
eslt,1027664,ELBIT SYSTEMS LTD
evax,1828253,Evaxion Biotech A/S
evgn,1574565,Evogene Ltd.
evo,1412558,Evotec SE
exai,1865408,Exscientia plc
ezgo,1806904,EZGO Technologies Ltd.
ezpw,876523,EZCORP INC
fami,1701261,"Farmmi, Inc."
fanh,1413855,FANHUA INC.
fatp,1865045,FAT PROJECTS ACQUISITION CORP
faze,1839360,FaZe Holdings Inc.
feam,1888654,"5E Advanced Materials, Inc."
fgi,1864943,FGI Industries Ltd.
fhlt,1851182,Future Health ESG Corp.
fip,1899883,FTAI Infrastructure Inc.
flgc,1790169,Flora Growth Corp.
flj,1769256,FLJ Group Ltd
fmst,1935418,Foremost Lithium Resource & Technology Ltd.
fngr,1602409,"FingerMotion, Inc."
forty,1045986,FORMULA SYSTEMS (1985) LTD
fres,1786511,Fresh2 Group Ltd
frgt,1687542,"Freight Technologies, Inc."
frla,1849294,Fortune Rise Acquisition Corp
frln,1810031,Freeline Therapeutics Holdings plc
frsx,1691221,Foresight Autonomous Holdings Ltd.
frza,1901305,"Forza X1, Inc."
fsv,1637810,FirstService Corp
ftel,1928581,Fitell Corp
ftlf,1374328,"FITLIFE BRANDS, INC."
ftre,1965040,Fortrea Holdings Inc.
futu,1754581,Futu Holdings Ltd
gamb,1839799,Gambling.com Group Ltd
game,1714562,"GameSquare Holdings, Inc."
gass,1328919,StealthGas Inc.
gbnh,1735948,Greenbrook TMS Inc.
gct,1857816,GigaCloud Technology Inc
gctk,1506983,"GlucoTrack, Inc."
gdc,1641398,GD Culture Group Ltd
gdev,1848739,GDEV Inc.
gdhg,1928340,GOLDEN HEAVEN GROUP HOLDINGS LTD.
gds,1526125,GDS Holdings Ltd
gdtc,1873093,CytoMed Therapeutics Ltd
gehc,1932393,GE HealthCare Technologies Inc.
gen,849399,Gen Digital Inc.
gene,1166272,GENETIC TECHNOLOGIES LTD
genk,1891856,"GEN Restaurant Group, Inc."
gfai,1804469,"Guardforce AI Co., Ltd."
gfs,1709048,GLOBALFOUNDRIES Inc.
ggal,1114700,GRUPO FINANCIERO GALICIA SA
ggr,1886190,Gogoro Inc.
ghrs,1855129,GH Research PLC
gia,1844505,"GigCapital5, Inc."
gigm,1105101,GIGAMEDIA Ltd
gilt,897322,GILAT SATELLITE NETWORKS LTD
glbe,1835963,Global-E Online Ltd.
glbs,1499780,GLOBUS MARITIME LTD
glli,1888734,GLOBALINK INVESTMENT INC.
glmd,1595353,Galmed Pharmaceuticals Ltd.
glng,1207179,GOLAR LNG LTD
glpg,1421876,GALAPAGOS NV
glst,1922331,Global Star Acquisition Inc.
gmab,1434265,GENMAB A/S
gmgi,1437925,"Golden Matrix Group, Inc."
gnft,1757064,Genfit S.A.
gnlx,1231457,GENELUX Corp
gnta,1838716,Genenta Science S.p.A.
gogl,1029145,Golden Ocean Group Ltd
gp,1584547,GREENPOWER MOTOR Co INC.
gpcr,1888886,Structure Therapeutics Inc.
gpp,1635650,Green Plains Partners LP
grab,1855612,Grab Holdings Ltd
grcl,1826492,Gracell Biotechnologies Inc.
grfs,1438569,Grifols SA
gri,1824293,"GRI BIO, Inc."
grin,1725293,Grindrod Shipping Holdings Ltd.
grow,754811,U S GLOBAL INVESTORS INC
grrr,1903145,Gorilla Technology Group Inc.
grvy,1313310,"GRAVITY Co., Ltd."
gsd,1843248,"Global System Dynamics, Inc."
gsm,1639877,Ferroglobe PLC
gsmg,1738758,GLORY STAR NEW MEDIA GROUP HOLDINGS Ltd
gsun,1826376,Golden Sun Education Group Ltd
gtec,1735041,Greenland Technologies Holding Corp.
gth,1782594,Genetron Holdings Ltd
gtim,825324,Good Times Restaurants Inc.
has,46080,"HASBRO, INC."
hcm,1648257,HUTCHMED (China) Ltd
heps,1850235,D-MARKET Electronic Services & Trading
hffg,1680873,HF Foods Group Inc.
hhrs,1946425,Hammerhead Energy Inc.
hiho,1026785,HIGHWAY HOLDINGS LTD
himx,1342338,"Himax Technologies, Inc."
hiti,1847409,High Tide Inc.
hive,1720424,HIVE Digital Technologies Ltd.
hkit,1742341,HiTek Global Inc.
hlp,1855557,Hongli Group Inc.
hlvx,1888012,"HilleVax, Inc."
hnvr,1828588,"Hanover Bancorp, Inc. /NY"
holi,1357450,"Hollysys Automation Technologies, Ltd."
holo,1841209,MicroCloud Hologram Inc.
hpco,1892480,"Hempacco Co., Inc."
hryu,1911545,"Hanryu Holdings, Inc."
hsai,1861737,Hesai Group
hscs,1468492,"Heart Test Laboratories, Inc."
htht,1483994,H World Group Ltd
htoo,1819794,Fusion Fuel Green PLC
hubc,1905660,Hub Cyber Security Ltd.
hudi,1791725,"Huadi International Group Co., Ltd."
huge,1771885,FSD Pharma Inc.
huiz,1778982,Huize Holding Ltd
hut,1731805,HUT 8 MINING CORP.
hyw,1785680,Hywin Holdings Ltd.
ibex,1720420,IBEX Ltd
iccm,1584371,IceCure Medical Ltd.
icct,1906133,iCoreConnect Inc.
icg,1895597,Intchains Group Ltd
iclk,1697818,iClick Interactive Asia Group Ltd
iclr,1060955,ICON PLC
icu,1831868,SeaStar Medical Holding Corp
iep,813762,ICAHN ENTERPRISES L.P.
ifbd,1815566,"Infobird Co., Ltd"
ifrx,1708688,InflaRx N.V.
igic,1794338,International General Insurance Holdings Ltd.
iinn,1837493,Inspira Technologies OXY B.H.N. Ltd
ilag,1814963,Intelligent Living Application Group Inc.
imab,1778016,I-Mab
imaq,1846235,International Media Acquisition Corp.
imcc,1792030,IM Cannabis Corp.
imcr,1671927,Immunocore Holdings plc
immp,1506184,IMMUTEP Ltd
imnn,749647,"Imunon, Inc."
imos,1123134,CHIPMOS TECHNOLOGIES INC
impp,1876581,Imperial Petroleum Inc./Marshall Islands
imrn,1660046,Immuron Ltd
imte,1668438,Integrated Media Technology Ltd
imtx,1809196,Immatics N.V.
inbs,1725430,INTELLIGENT BIO SOLUTIONS INC.
incr,1857030,Intercure Ltd.
indv,1625297,INDIVIOR PLC
inmd,1742692,InMode Ltd.
intr,1864163,"Inter & Co, Inc."
ints,1567264,"INTENSITY THERAPEUTICS, INC."
invz,1835654,Innoviz Technologies Ltd.
ionr,1896084,ioneer Ltd
ipa,1715925,ImmunoPrecise Antibodies Ltd.
ipha,1598599,Innate Pharma SA
ipx,1898601,IPERIONX Ltd
iq,1722608,"iQIYI, Inc."
iren,1878848,Iris Energy Ltd
iron,1816736,"Disc Medicine, Inc."
ispr,1948455,Ispire Technology Inc.
itaq,1841586,"Industrial Tech Acquisitions II, Inc."
itrn,1337117,Ituran Location & Control Ltd.
iva,1756594,Inventiva S.A.
ivda,1397183,"Iveda Solutions, Inc."
ivp,1939365,"INSPIRE VETERINARY PARTNERS, INC."
ivvd,1832038,"Invivyd, Inc."
ixhl,1873875,Incannex Healthcare Ltd
izm,1854572,ICZOOM Group Inc.
jcse,1905511,JE Cleantech Holdings Ltd
jd,1549802,"JD.com, Inc."
jewl,1884072,Adamas One Corp.
jfbr,1885408,Jeffs' Brands Ltd
jfin,1743102,Jiayin Group Inc.
jfu,1619544,9F Inc.
jg,1737339,Aurora Mobile Ltd
jjsf,785956,J&J SNACK FOODS CORP
jnvr,1805526,Janover Inc.
jtaiz,1861622,Jet.AI Inc.
jwel,1805594,Jowell Global Ltd.
jxjt,1546383,JX Luxventure Ltd
jyd,1938186,Jayud Global Logistics Ltd
jz,1852440,Jianzhi Education Technology Group Co Ltd
jzxn,1816172,"Jiuzi Holdings, Inc."
ka,1445283,"KINETA, INC./DE"
karo,1828102,Karooooo Ltd.
kc,1795589,Kingsoft Cloud Holdings Ltd
kitt,1849820,"Nauticus Robotics, Inc."
kmda,1567529,KAMADA LTD
krkr,1779476,36Kr Holdings Inc.
krnt,1625791,Kornit Digital Ltd.
kvac,1889983,Keen Vision Acquisition Corp.
kvsa,1841873,Khosla Ventures Acquisition Co.
kwe,1889823,KWESST Micro Systems Inc.
kxin,1713539,Kaixin Auto Holdings
kzia,1075880,KAZIA THERAPEUTICS LTD
laes,1951222,SEALSQ Corp
lase,1807887,Laser Photonics Corp
lcfy,1875547,Locafy Ltd
ldwy,875355,"LENDWAY, INC."
lee,58361,"LEE ENTERPRISES, Inc"
legn,1801198,Legend Biotech Corp
lfcr,1005286,"LIFECORE BIOMEDICAL, INC. DE"
lghl,1806524,Lion Group Holding Ltd
lgo,1400438,Largo Inc.
lgvc,1879297,LAMF Global Ventures Corp. I
li,1791706,Li Auto Inc.
licn,1876766,Lichen China Ltd
lifw,1802450,"MSP Recovery, Inc."
lilm,1855756,Lilium N.V.
lipo,1347242,LIPELLA PHARMACEUTICALS INC.
litm,1769697,Snow Lake Resources Ltd.
lizi,1783407,LIZHI INC.
lkco,1487839,Luokung Technology Corp.
lmdx,1685428,LumiraDx Ltd
lmnl,1351172,Liminal BioSciences Inc.
lnkb,1756701,"LINKBANCORP, Inc."
lnza,1843724,"LanzaTech Global, Inc."
lqr,1843165,LQR House Inc.
lsdi,1865127,"Lucy Scientific Discovery, Inc."
lsta,320017,"LISATA THERAPEUTICS, INC."
lucy,1808377,Innovative Eyewear Inc
lunr,1844452,"Intuitive Machines, Inc."
luxh,1893311,LUXURBAN HOTELS INC.
lvtx,1840748,LAVA Therapeutics NV
lx,1708259,LexinFintech Holdings Ltd.
lxeh,1814067,Lixiang Education Holding Co. Ltd.
lyt,1816319,Lytus Technologies Holdings PTV. Ltd.
mama,1520358,"Mama's Creations, Inc."
math,1682241,Metalpha Technology Holding Ltd
maxn,1796898,"Maxeon Solar Technologies, Ltd."
mbly,1910139,Mobileye Global Inc.
mcld,1756499,mCloud Technologies Corp.
mcom,1788841,micromobility.com Inc.
mdai,1833498,"Spectral AI, Inc."
mdbh,1934642,"MDB Capital Holdings, LLC"
mdgs,1618500,Medigus Ltd.
mdjh,1741534,MDJM LTD
mdna,1807983,Medicenna Therapeutics Corp.
mdwd,1593984,MediWound Ltd.
mdxh,1872529,MDxHealth SA
megl,1881472,Magic Empire Global Ltd
meoh,886977,METHANEX CORP
mesa,810332,MESA AIR GROUP INC
meso,1345099,MESOBLAST LTD
metx,1796514,BTC Digital Ltd.
mf,1851682,Missfresh Ltd
mfh,1527762,Mercurity Fintech Holding Inc.
mgam,1886362,"Mobile Global Esports, Inc."
mgic,876779,MAGIC SOFTWARE ENTERPRISES LTD
mgih,1903995,Millennium Group International Holdings Ltd
mgol,1902794,MGO Global Inc.
mgrm,1769759,MONOGRAM ORTHOPAEDICS INC
mgrx,1938046,"MANGOCEUTICALS, INC."
mhua,1835615,"Meihua International Medical Technologies Co., Ltd."
mics,923601,SINGING MACHINE CO INC
mira,1904286,"MIRA PHARMACEUTICALS, INC."
mkul,1872356,"Molekule Group, Inc."
mlco,1381640,Melco Resorts & Entertainment LTD
mlgo,1800392,MicroAlgo Inc.
mltx,1821586,MoonLake Immunotherapeutics
mlys,1933414,"Mineralys Therapeutics, Inc."
mmlp,1176334,MARTIN MIDSTREAM PARTNERS L.P.
mmyt,1495153,MakeMyTrip Ltd
mndo,1119083,MIND CTI LTD
mndy,1845338,monday.com Ltd.
mob,1898643,Mobilicom Ltd
mobq,1084267,"Mobiquity Technologies, Inc."
mogo,1602842,Mogo Inc.
moln,1745114,MOLECULAR PARTNERS AG
momo,1610601,Hello Group Inc.
mond,1828852,"Mondee Holdings, Inc."
mor,1340243,MorphoSys AG
moxc,1864055,Moxian (BVI) Inc
mreo,1719714,Mereo Biopharma Group plc
mrm,1819704,Medirom Healthcare Technologies Inc.
mtc,1742518,"MMTec, Inc."
mtek,1872964,Maris Tech Ltd.
mtls,1091223,MATERIALISE NV
murf,1896212,Murphy Canyon Acquisition Corp.
mvla,1839132,Movella Holdings Inc.
myna,1850453,Mynaric AG
mynz,1874252,MAINZ BIOMED N.V.
nan,1872302,Nano Labs Ltd
naas,1712178,NaaS Technology Inc.
nams,1936258,NewAmsterdam Pharma Co N.V.
nb,1512228,NIOCORP DEVELOPMENTS LTD
nbtx,1760854,Nanobiotix S.A.
ncna,1709626,NuCana plc
ncnc,1964021,noco-noco Inc.
ncpl,1414767,Netcapital Inc.
ncra,1756180,"NOCERA, INC."
ncty,1296774,The9 LTD
negg,1474627,"Newegg Commerce, Inc."
neov,1748137,NeoVolta Inc.
netd,1975218,Nabors Energy Transition Corp. II
nftg,1895618,NFT Gaming Co Inc.
ngms,1821349,NeoGames S.A.
nice,1003935,NICE Ltd.
nir,1826671,"Near Intelligence, Inc."
nisn,1603993,"Nisun International Enterprise Development Group Co., Ltd"
niu,1744781,Niu Technologies
nlsp,1783036,NLS Pharmaceutics Ltd.
nmra,1885522,"Neumora Therapeutics, Inc."
nnagu,1950429,99 Acquisition Group Inc.
nndm,1643303,Nano Dimension Ltd.
nnox,1795251,Nano-X Imaging Ltd.
nogn,1841800,"Nogin, Inc."
nrsn,1875091,NeuroSense Therapeutics Ltd.
ntes,1110646,"NetEase, Inc."
nutx,1479681,"Nutex Health, Inc."
nvac,1859807,NorthView Acquisition Corp
nvct,1875558,"Nuvectis Pharma, Inc."
nvei,1765159,Nuvei Corp
nvmi,1109345,NOVA LTD.
nvx,1859795,NOVONIX Ltd
nwgl,1948294,Nature Wood Group Ltd
nwtn,1932737,"NWTN, Inc."
nxl,1527352,"Nexalin Technology, Inc."
nxpl,1058307,NextPlat Corp
nxt,1852131,Nextracker Inc.
nxu,1722969,"Nxu, Inc."
nyax,1901279,Nayax Ltd.
nyxh,1857190,Nyxoah SA
oabi,1846253,"OmniAb, Inc."
obio,1814114,"Orchestra BioMed Holdings, Inc."
ocea,1869974,"Ocean Biomedical, Inc."
ocg,1776067,Oriental Culture Holding LTD
ocs,1953530,Oculis Holding AG
octo,1892492,Eightco Holdings Inc.
odd,1907085,Oddity Tech Ltd
odvww,1431852,Osisko Development Corp.
ogi,1620737,ORGANIGRAM HOLDINGS INC.
okyo,1849296,OKYO Pharma Ltd
olk,1835539,Olink Holding AB (publ)
omab,1378239,Central North Airport Group
omh,1944902,Ohmyhome Ltd
oncy,1129928,ONCOLYTICS BIOTECH INC
onfo,1825452,"Onfolio Holdings, Inc"
op,1869467,OceanPal Inc.
opal,1842279,OPAL Fuels Inc.
opra,1737450,Opera Ltd
opt,1815620,Opthea Ltd
osa,1934064,"ProSomnus, Inc."
ost,1803407,"Ostin Technology Group Co., Ltd."
otex,1002638,OPEN TEXT CORP
otly,1843586,Oatly Group AB
otmo,1842498,Otonomo Technologies Ltd.
ozk,1569650,Bank OZK
pavs,1751876,Paranovus Entertainment Technology Ltd.
pax,1825570,Patria Investments Ltd
pbts,1754323,"Powerbridge Technologies Co., Ltd."
pdd,1737806,PDD Holdings Inc.
pepg,1835597,PepGen Inc.
peri,1338940,Perion Network Ltd.
pet,1842356,Wag! Group Co.
petz,1684425,"TDH Holdings, Inc."
pev,1879848,PHOENIX MOTOR INC.
pfbc,1492165,Preferred Bank
pgy,1883085,Pagaya Technologies Ltd.
phar,1828316,Pharming Group N.V.
phvs,1830487,Pharvaris N.V.
phxm,1624422,PHAXIAM Therapeutics S.A.
pmgmu,1821606,Priveterra Acquisition Corp. II
pmn,1374339,ProMIS Neurosciences Inc.
poci,867840,"PRECISION OPTICS CORPORATION, INC."
podc,1940177,"Courtside Group, Inc."
poet,1437424,POET TECHNOLOGIES INC.
ppbt,1614744,PURPLE BIOTECH LTD.
pre,1876431,Prenetics Global Ltd
prfx,1801834,PAINREFORM LTD.
prme,1894562,"Prime Medicine, Inc."
proc,1863362,"Procaps Group, S.A."
prof,1628808,Profound Medical Corp.
prok,1850270,PROKIDNEY CORP.
prqr,1612940,ProQR Therapeutics N.V.
prst,1822145,Presto Automation Inc.
prtc,1782999,PureTech Health plc
prtg,1095435,PORTAGE BIOTECH INC.
przo,1916241,ParaZero Technologies Ltd.
pshg,1481241,Performance Shipping Inc.
psny,1884082,Polestar Automotive Holding UK PLC
pt,1716338,Pintec Technology Holdings Ltd
puyi,1750264,"PUYI, INC."
pwm,1765850,Prestige Wealth Inc.
pxdt,1962845,"PIXIE DUST TECHNOLOGIES, INC."
pxmd,1811623,"PaxMedica, Inc."
pxs,1640043,Pyxis Tankers Inc.
pypd,1611842,PolyPid Ltd.
pyr,1743344,PyroGenesis Canada Inc.
qdel,1906324,QuidelOrtho Corp
qfin,1741530,"Qifu Technology, Inc."
qh,1781193,QUHUO Ltd
qipt,1540013,Quipt Home Medical Corp.
qli,1779578,Qilian International Holding Group Ltd
qnrx,1671502,"Quoin Pharmaceuticals, Ltd."
qsg,1932770,QuantaSing Group Ltd
raya,1825875,Erayak Power Solution Group Inc.
rcm,1910851,R1 RCM Inc. /DE
rcon,1442620,"Recon Technology, Ltd"
rdcm,1016838,RADCOM LTD
rdhl,1553846,RedHill Biopharma Ltd.
rdus,912603,"SCHNITZER STEEL INDUSTRIES, INC."
rdwr,1094366,RADWARE LTD
reax,1862461,Real Brokerage Inc
rebn,1707910,"Reborn Coffee, Inc."
ree,1843588,REE Automotive Ltd.
renb,1527728,RENOVARO BIOSCIENCES INC.
reto,1687277,"ReTo Eco-Solutions, Inc."
rgc,1829667,Regencell Bioscience Holdings Ltd
rgti,1838359,"Rigetti Computing, Inc."
rmcf,1616262,"Rocky Mountain Chocolate Factory, Inc."
rnlx,1811115,Renalytix plc
rnw,1848763,ReNew Energy Global plc
rtc,1381074,Baijiayun Group Ltd
rum,1830081,Rumble Inc.
rvsn,1743905,Rail Vision Ltd.
rvyl,1419275,RYVYL Inc.
ryaay,1038683,RYANAIR HOLDINGS PLC
ryzb,1825367,"RayzeBio, Inc."
sai,1847075,SAI.TECH Global Corp
sang,1753368,Sangoma Technologies Corp
satl,1874315,Satellogic Inc.
sbet,1025561,SharpLink Gaming Ltd.
sbfm,1402328,"Sunshine Biopharma, Inc"
sbgi,1971213,"Sinclair, Inc."
sblk,1386716,Star Bulk Carriers Corp.
sclx,1820190,Scilex Holding Co
scni,1611747,Scinai Immunotherapeutics Ltd.
scpl,1760717,SciPlay Corp
sctl,1588972,"Societal CDMO, Inc."
scwo,933972,374Water Inc.
sdot,1701756,Sadot Group Inc.
seco,1633441,Secoo Holding Ltd
seed,1321851,Origin Agritech LTD
sezl,1662991,Sezzle Inc.
sfr,1821075,"Appreciate Holdings, Inc."
sfwl,1863218,SHENGFENG DEVELOPMENT Ltd
sgdvv,1959023,Safe & Green Development Corp
sgml,1848309,Sigma Lithium Corp
sgmt,1400118,Sagimet Biosciences Inc.
shfs,1854963,"SHF Holdings, Inc."
ship,1448397,Seanergy Maritime Holdings Corp.
shlt,1166834,SHL TELEMEDICINE LTD
sify,1094324,SIFY TECHNOLOGIES LTD
silc,916793,SILICOM LTD.
simo,1329394,Silicon Motion Technology CORP
sj,1753673,Scienjoy Holding Corp
skwd,1519449,"Skyward Specialty Insurance Group, Inc."
slac,1834755,Social Leverage Acquisition Corp I
sle,1621672,"Super League Enterprise, Inc."
slgl,1684693,Sol-Gel Technologies Ltd.
sln,1479615,Silence Therapeutics plc
slrn,1962918,"ACELYRIN, Inc."
smfl,1851860,"SMART FOR LIFE, INC."
smx,1940674,SMX (Security Matters) Public Ltd Co
snal,1886894,"Snail, Inc."
sndl,1766600,SNDL Inc.
snt,896494,SENSTAR TECHNOLOGIES LTD.
sntg,1810467,Sentage Holdings Inc.
snti,1854270,"Senti Biosciences, Inc."
sny,1121404,Sanofi
sobr,1425627,"SOBR Safe, Inc."
sohu,1734107,Sohu.com Ltd
solo,1637736,ELECTRAMECCANICA VEHICLES CORP.
soph,1840706,SOPHiA GENETICS SA
soun,1840856,"SOUNDHOUND AI, INC."
spcb,1291855,SuperCom Ltd
spgc,1934245,"Sacks Parente Golf, Inc."
spns,885740,SAPIENS INTERNATIONAL CORP N V
sppl,1948697,SIMPPLE LTD.
sprc,1611746,SciSparc Ltd.
spry,1671858,"ARS Pharmaceuticals, Inc."
sptn,877422,SpartanNash Co
srad,1836470,Sportradar Group AG
srbk,1951276,"SR Bancorp, Inc."
srm,1956744,"SRM Entertainment, Inc."
ssys,1517396,STRATASYS LTD.
stbx,1914818,Starbox Group Holdings Ltd.
stcn,914712,"Steel Connect, Inc."
stho,1953366,Star Holdings
stix,1896049,"Semantix, Inc."
stkh,1828098,Steakholder Foods Ltd.
stne,1745431,StoneCo Ltd.
stss,1737995,Sharps Technology Inc.
surg,1392694,"SurgePays, Inc."
svre,1894693,SaverOne 2014 Ltd.
svvc,1495584,"Firsthand Technology Value Fund, Inc."
swag,1872525,"Stran & Company, Inc."
swin,1959224,"Solowin Holdings, Ltd."
swvl,1875609,Swvl Holdings Corp
sxtc,1723980,"China SXT Pharmaceuticals, Inc."
sxtp,1946563,"60 DEGREES PHARMACEUTICALS, INC."
sy,1758530,So-Young International Inc.
sym,1837240,Symbotic Inc.
syt,1946216,"SYLA Technologies Co., Ltd."
syta,1649009,Siyata Mobile Inc.
tanh,1588084,TANTECH HOLDINGS LTD
taop,1552670,Taoping Inc.
tatt,808439,TAT TECHNOLOGIES LTD
tbio,1850079,Telesis Bio Inc.
tbla,1840502,Taboola.com Ltd.
tbld,1820378,Thornburg Income Builder Opportunities Trust
tc,1743340,TuanChe Ltd
tcbp,1872812,TC BioPharm (Holdings) plc
tcjh,1938865,Top KingWin Ltd
tcom,1269238,Trip.com Group Ltd
team,1650372,Atlassian Corp
tectp,1766526,"Tectonic Financial, Inc."
tedu,1592560,"Tarena International, Inc."
tfin,1539638,"Triumph Financial, Inc."
tgl,1905956,TREASURE GLOBAL INC
thcp,1843993,"Thunder Bridge Capital Partners IV, Inc."
thrd,1923840,"Third Harmonic Bio, Inc."
thtx,1512717,Theratechnologies Inc.
tigo,912958,MILLICOM INTERNATIONAL CELLULAR SA
tigr,1756699,UP Fintech Holding Ltd
tio,854800,"Tingo Group, Inc."
tirx,1782941,TIAN RUIXIANG HOLDINGS LTD
tklf,1836242,"Yoshitsu Co., Ltd"
tlsa,1723069,Tiziana Life Sciences Ltd
tlsi,1826667,"TriSalus Life Sciences, Inc."
tmpo,1813658,"Tempo Automation Holdings, Inc."
tnon,1560293,"Tenon Medical, Inc."
top,1848275,TOP Financial Group Ltd
tops,1296484,TOP SHIPS INC.
toro,1941131,TORO CORP.
tour,1597095,Tuniu Corp
tpg,1880661,TPG Inc.
trib,888721,TRINITY BIOTECH PLC
trmd,1655891,TORM plc
trmr,1849396,Tremor International Ltd.
trnr,1785056,"Interactive Strength, Inc."
troo,1412095,"Troops, Inc. /Cayman Islands/"
trvg,1683825,trivago N.V.
tsat,1845840,Telesat Corp
tsbx,1764974,Turnstone Biologics Corp.
tsem,928876,TOWER SEMICONDUCTOR LTD
ttnp,910267,TITAN PHARMACEUTICALS INC
turb,1963439,"Turbo Energy, S.A."
txmd,25743,"TherapeuticsMD, Inc."
tygo,1855447,"TIGO ENERGY, INC."
ucar,1939780,U Power Ltd
ucl,1775898,uCloudlink Group Inc.
uhg,1830188,"United Homes Group, Inc."
uk,1821424,Ucommune International Ltd
upbd,933036,"UPBOUND GROUP, INC."
upc,1809616,Universe Pharmaceuticals INC
uptd,1844417,TradeUP Acquisition Corp.
uroy,1711570,Uranium Royalty Corp.
usea,1912847,United Maritime Corp
usgo,1947244,U.S. GoldMining Inc.
utsi,1030471,UTSTARCOM HOLDINGS CORP.
uxin,1729173,Uxin Ltd
valn,1836564,Valneva SE
vani,1266806,"Vivani Medical, Inc."
vblt,1603207,Vascular Biogenics Ltd.
vbnk,1690639,VersaBank
vcig,1930510,VCI Global Ltd
vcxa,1848898,10X Capital Venture Acquisition Corp. II
vedu,1892274,Visionary Education Technology Holdings Group Inc.
veee,1855509,"Twin Vee PowerCats, Co."
veon,1468091,VEON Ltd.
vev,1834975,VICINITY MOTOR CORP
vfsww,1913510,VinFast Auto Ltd.
vgas,1841425,"Verde Clean Fuels, Inc."
vinp,1826286,Vinci Partners Investments Ltd.
viot,1742770,"Viomi Technology Co., Ltd"
vivk,1450704,"Vivakor, Inc."
vjet,1582581,voxeljet AG
vmar,1813783,Vision Marine Technologies Inc.
vnet,1508475,"VNET Group, Inc."
vnom,1602065,Viper Energy Partners LP
vod,839923,VODAFONE GROUP PUBLIC LTD CO
voxr,1907909,Vox Royalty Corp.
vqs,1777765,VIQ Solutions Inc.
vrax,1885827,Virax Biolabs Group Ltd
vs,1701963,Versus Systems Inc.
vsta,1792829,Vasta Platform Ltd
vtru,1805012,Vitru Ltd
vvpr,1681348,VivoPower International PLC
wafu,1716770,Wah Fu Education Group Ltd
wald,1840199,Waldencast plc
wave,1846715,Eco Wave Power Global AB (publ)
wavs,1868419,Western Acquisition Ventures Corp.
wb,1595761,WEIBO Corp
west,1806347,Westrock Coffee Co
wetg,1784970,WeTrade Group Inc.
wgs,1818331,GeneDx Holdings Corp.
wilc,1030997,G WILLI FOOD INTERNATIONAL LTD
wimi,1770088,WiMi Hologram Cloud Inc.
wix,1576789,Wix.com Ltd.
wkey,1738699,Wisekey International Holding S.A.
wkme,1847584,WalkMe Ltd.
wlds,1887673,Wearable Devices Ltd.
wlgs,1899658,"WANG & LEE GROUP, Inc."
wnw,1787803,Meiwu Technology Co Ltd
wprt,1370416,WESTPORT FUEL SYSTEMS INC.
wrnt,1900564,WARRANTEE INC.
wtma,1866226,Welsbach Technology Metals Acquisition Corp.
wto,1789299,UTime Ltd
xnet,1510593,Xunlei Ltd
xp,1787425,XP Inc.
xpon,1894954,Expion360 Inc.
xrtx,1729214,XORTX Therapeutics Inc.
xtlb,1023549,XTL BIOPHARMACEUTICALS LTD
xwel,1410428,"XWELL, Inc."
ygf,1875496,"YanGuFang International Group Co., Ltd"
yi,1738906,"111, Inc."
yj,1759614,Yunji Inc.
yosh,1898604,Yoshiharu Global Co.
yota,1907730,Yotta Acquisition Corp
yq,1821468,17 Education & Technology Group Inc.
ytra,1516899,"Yatra Online, Inc."
yy,1530238,JOYY Inc.
zapp,1955104,Zapp Electric Vehicles Group Ltd
zcmd,1785566,Zhongchao Inc.
zenv,1836934,Zenvia Inc.
zfox,1823575,"ZeroFox Holdings, Inc."
zimv,1876588,ZimVie Inc.
zjyl,1837821,Jin Medical International Ltd.
zkin,1687451,"ZK International Group Co., Ltd."
ztek,1904501,Zentek Ltd.
zura,1855644,Zura Bio Ltd
zvra,1434647,"ZEVRA THERAPEUTICS, INC."
zvsa,1859007,"ZyVersa Therapeutics, Inc."
zyme,1937653,Zymeworks Inc.
